day,hour,specifictime,indicator1,indicator2,indicator3,indicator4,indicator5,indicator6,indicator7,indicator8
2021-06-10,18,2021-06-10 18:19:59,28.00,411.00,9.00,28.00,264.00,28.00,0.2353,0.0000
2021-06-10,18,2021-06-10 18:19:59,26.00,3033.00,0.00,26.00,0.00,26.00,0.0000,0.0000
2021-06-10,18,2021-06-10 18:24:59,12.50,2026.50,25.00,11.50,1120.00,11.00,0.0500,0.0500
2021-06-10,18,2021-06-10 18:24:59,9.00,3353.00,16.00,10.00,959.00,9.00,0.0000,0.0000
2021-06-10,18,2021-06-10 18:24:59,22.16,1379.88,269.48,22.03,194.00,42.00,0.0500,0.0038
2021-06-10,18,2021-06-10 18:24:59,29.00,3356.00,2.00,29.00,908.00,29.00,0.0000,0.0000
2021-06-10,18,2021-06-10 18:24:59,27.33,2659.00,8.00,27.67,1985.00,27.00,0.0000,0.0000
2021-06-10,18,2021-06-10 18:24:59,29.00,0.00,0.00,29.00,20.00,29.00,0.2000,0.0000
2021-06-10,18,2021-06-10 18:24:59,23.19,4.40,2.87,23.60,3.00,23.00,0.0000,0.0000
2021-06-10,18,2021-06-10 18:24:59,7.00,2289.00,10.00,7.00,77.00,9.00,0.0124,0.0028
2021-06-10,18,2021-06-10 18:24:59,22.67,2257.33,2.00,22.00,228.00,24.00,0.0244,0.0299
2021-06-10,18,2021-06-10 18:24:59,47.08,1228.00,1995.50,26.00,11.00,26.00,0.0000,0.0000
2021-06-10,18,2021-06-10 18:24:59,24.50,299.00,388.00,24.50,555.00,24.00,0.0303,0.0313
2021-06-10,18,2021-06-10 18:24:59,34.00,421.00,3.00,33.00,188.00,34.00,0.0000,0.0000
2021-06-10,18,2021-06-10 18:24:59,16.00,3217.00,2.00,17.00,557.00,16.00,0.2250,0.0286
2021-06-10,18,2021-06-10 18:24:59,14.50,13.00,3.00,14.50,113.00,22.00,0.0222,0.0000
2021-06-10,18,2021-06-10 18:24:59,4.00,3166.00,0.00,4.00,0.00,3.00,0.0000,0.0345
2021-06-10,18,2021-06-10 18:24:59,9.33,3030.50,1.50,10.00,129.00,8.00,0.0549,0.0077
2021-06-10,18,2021-06-10 18:24:59,23.00,69.00,0.00,23.00,14.00,23.00,0.0000,0.0000
2021-06-10,18,2021-06-10 18:24:59,25.00,4.50,0.50,25.00,3.00,25.00,0.0000,0.0000
2021-06-10,18,2021-06-10 18:24:59,16.00,5.00,2.00,16.00,4.00,16.00,0.0000,0.0000
2021-06-10,18,2021-06-10 18:24:59,48.50,5.00,0.50,77.50,4.00,62.00,0.0000,0.0000
2021-06-10,18,2021-06-10 18:24:59,20.00,3.60,5.20,20.20,6.00,22.00,0.0000,0.0000
2021-06-10,18,2021-06-10 18:24:59,7.00,2117.00,3.00,8.00,964.00,8.00,0.2400,0.0000
2021-06-10,18,2021-06-10 18:29:59,43.33,8.83,1.83,43.17,112.00,55.00,0.1471,0.0000
2021-06-10,18,2021-06-10 18:29:59,9.50,5.00,0.50,10.00,13.00,11.00,0.0000,0.0000
2021-06-10,18,2021-06-10 18:29:59,24.00,5.00,2.50,24.50,4.00,24.00,0.0000,0.0000
2021-06-10,18,2021-06-10 18:29:59,4.00,5.00,6.00,4.00,13.00,4.00,0.0005,0.0000
2021-06-10,18,2021-06-10 18:29:59,14.00,4.00,1.00,14.00,5.00,14.00,0.0000,0.0000
2021-06-10,18,2021-06-10 18:29:59,47.86,65.86,0.71,47.71,40.00,52.00,0.0273,0.0000
2021-06-10,18,2021-06-10 18:34:59,5.00,8.00,12.00,5.00,68.00,5.00,0.0000,0.0000
2021-06-10,18,2021-06-10 18:34:59,214.00,60.00,5.00,215.00,26.00,214.00,0.0000,0.0000
2021-06-10,18,2021-06-10 18:34:59,138.85,42.38,3.23,25.92,4.00,25.00,0.0000,0.0000
2021-06-10,18,2021-06-10 18:34:59,48.17,6505.00,0.00,4.00,413.00,4.00,0.0984,0.0000
2021-06-10,18,2021-06-10 18:34:59,24.00,228.00,0.00,24.00,92.00,25.00,0.0088,0.0000
2021-06-10,18,2021-06-10 18:34:59,51.43,816.86,1.00,94.14,49.00,56.00,0.0903,0.0331
2021-06-10,18,2021-06-10 18:34:59,0.00,0.00,0.00,0.00,0.00,0.00,0.0000,0.0000
2021-06-10,18,2021-06-10 18:34:59,47.43,51.00,5.14,47.14,54.00,50.00,0.0083,0.0000
2021-06-10,18,2021-06-10 18:39:59,12.00,1027.00,38.00,12.00,65.00,11.00,0.0000,0.0000
2021-06-10,18,2021-06-10 18:39:59,40.67,69.33,23.67,41.00,67.00,42.00,0.0282,0.0000
2021-06-10,18,2021-06-10 18:39:59,4.00,4.00,6.00,4.00,43.00,4.00,0.0026,0.0000
2021-06-10,18,2021-06-10 18:44:59,40.33,76.33,1.33,40.33,24.00,46.00,0.0000,0.0000
2021-06-10,18,2021-06-10 18:44:59,0.00,0.00,0.00,0.00,33.00,0.00,0.0018,0.0000
2021-06-10,18,2021-06-10 18:49:59,212.88,4.25,3.31,33.19,4.00,33.00,0.0000,0.0099
2021-06-10,18,2021-06-10 18:49:59,0.00,0.00,0.00,0.00,15.00,0.00,0.0005,0.0000
2021-06-10,18,2021-06-10 18:49:59,0.00,0.00,0.00,0.00,40.00,0.00,0.0017,0.0000
2021-06-10,18,2021-06-10 18:54:59,4.00,4.00,6.00,4.00,6.00,4.00,0.0000,0.0000
2021-06-10,19,2021-06-10 19:14:59,54.50,4.00,1.00,55.00,14.00,59.00,0.2759,0.0000
2021-06-10,19,2021-06-10 19:14:59,0.00,0.00,0.00,0.00,0.00,0.00,0.0000,0.4483
2021-06-10,19,2021-06-10 19:34:59,23.00,306.40,0.20,23.00,13.00,23.00,0.0000,0.0000
2021-06-10,19,2021-06-10 19:34:59,24.50,12.00,0.50,25.00,45.00,24.00,0.0323,0.0000
2021-06-10,19,2021-06-10 19:34:59,10.55,629.00,2.00,3.00,3.00,2.00,0.0000,0.0543
2021-06-10,19,2021-06-10 19:34:59,8.80,105.30,13.80,8.90,95.00,958.00,0.0070,0.0000
2021-06-10,19,2021-06-10 19:34:59,11.00,176.00,0.00,12.00,91.00,27.00,0.1463,0.0000
2021-06-10,19,2021-06-10 19:39:59,40.33,5.00,9.67,40.33,8.00,45.00,0.0930,0.0000
2021-06-10,19,2021-06-10 19:39:59,31.00,3.00,1.00,31.00,3.00,30.00,0.0000,0.0000
2021-06-10,19,2021-06-10 19:39:59,23.29,6.30,3.59,23.20,20.00,23.00,0.0000,0.0000
2021-06-10,19,2021-06-10 19:39:59,20.00,3.00,9.00,19.67,3.00,18.00,0.0000,0.0000
2021-06-10,19,2021-06-10 19:39:59,43.25,6.00,2.00,68.00,7.00,48.00,0.0000,0.0000
2021-06-10,19,2021-06-10 19:44:59,50.67,3458.00,0.00,0.00,0.00,0.00,0.0000,0.0000
2021-06-10,19,2021-06-10 19:44:59,13.50,997.50,9.00,14.00,88.00,14.00,0.0388,0.0000
2021-06-10,19,2021-06-10 19:44:59,12.00,1425.00,1.00,12.00,1534.00,12.00,0.0526,0.0000
2021-06-10,19,2021-06-10 19:44:59,50.30,2034.30,5.60,50.30,148.00,49.00,0.1896,0.0405
2021-06-10,19,2021-06-10 19:44:59,7.33,565.67,726.33,8.00,31.00,8.00,0.0000,0.0000
2021-06-10,19,2021-06-10 19:44:59,25.46,13.46,1.23,25.15,6.00,27.00,0.0000,0.0000
2021-06-10,19,2021-06-10 19:54:59,4.00,4.00,2.00,4.00,3.00,4.00,0.0000,0.0000
2021-06-10,20,2021-06-10 20:04:59,1523.50,4.50,6.00,13.00,7.00,13.00,0.0000,0.0000
2021-06-10,20,2021-06-10 20:04:59,0.00,0.00,0.00,0.00,0.00,0.00,0.0000,0.0000
2021-06-10,20,2021-06-10 20:24:59,59.50,4.00,2.50,59.50,14.00,65.00,0.2759,0.1818
2021-06-10,20,2021-06-10 20:49:59,54.40,1285.80,0.00,0.00,0.00,0.00,0.0000,0.0000
2021-06-10,20,2021-06-10 20:54:59,53.50,961.00,1.00,54.50,168.00,54.00,0.0000,0.0000
2021-06-10,20,2021-06-10 20:54:59,21.00,14.00,2.00,21.00,43.00,25.00,0.1297,0.0000
2021-06-10,20,2021-06-10 20:59:59,4.00,12.00,0.00,5.00,3.00,5.00,0.0000,0.0000
2021-06-10,21,2021-06-10 21:09:59,20.00,5.00,0.00,21.00,13.00,20.00,0.4298,0.0000
2021-06-10,21,2021-06-10 21:09:59,0.00,0.00,0.00,0.00,0.00,0.00,0.0000,0.0000
2021-06-10,21,2021-06-10 21:14:59,94.29,25.85,4.69,22.00,23.00,22.00,0.0113,0.0000
2021-06-10,21,2021-06-10 21:14:59,22.00,13.00,0.00,22.00,38.00,22.00,0.0000,0.0000
2021-06-10,21,2021-06-10 21:14:59,0.00,0.00,0.00,0.00,0.00,0.00,0.0000,0.3571
2021-06-10,21,2021-06-10 21:14:59,0.00,0.00,0.00,0.00,0.00,0.00,0.0000,0.4107
2021-06-10,21,2021-06-10 21:14:59,11.00,5.00,2.00,11.00,6.00,11.00,0.0000,0.0000
2021-06-10,21,2021-06-10 21:14:59,10.50,130.50,8.00,10.50,134.00,10.00,0.0755,0.0000
2021-06-10,21,2021-06-10 21:14:59,13.00,5.32,4.17,12.39,34.00,6.00,0.0036,0.0002
2021-06-10,21,2021-06-10 21:19:59,52.00,6.00,1.00,52.00,5.00,52.00,0.0000,0.0000
2021-06-10,21,2021-06-10 21:19:59,23.14,226.29,11.43,23.29,4.00,24.00,0.0000,0.0000
2021-06-10,21,2021-06-10 21:24:59,23.00,6.00,4.00,22.00,32.00,23.00,0.2791,0.0000
2021-06-10,21,2021-06-10 21:34:59,141.50,0.00,0.00,0.00,0.00,0.00,0.0000,0.0000
2021-06-10,21,2021-06-10 21:34:59,17.75,35.25,8.50,17.25,239.00,17.00,0.2000,0.0000
2021-06-10,21,2021-06-10 21:34:59,54.50,74.00,48.50,54.50,128.00,54.00,0.1053,0.0408
2021-06-10,21,2021-06-10 21:34:59,0.00,0.00,0.00,0.00,0.00,0.00,0.0000,0.0000
2021-06-10,21,2021-06-10 21:39:59,12.00,5.00,2.00,12.00,8.00,12.00,0.4160,0.0000
2021-06-10,21,2021-06-10 21:59:59,24.50,1.00,8.50,24.50,1.00,24.00,0.0000,0.0000
2021-06-10,22,2021-06-10 22:14:59,18.00,4.00,1.00,18.00,7.00,17.00,0.4531,0.0000
2021-06-10,22,2021-06-10 22:19:59,41.00,5.00,3.67,40.33,6.00,45.00,0.2192,0.0000
2021-06-11,0,2021-06-11 00:14:59,15.00,3.33,2.00,14.67,11.00,14.00,0.4429,0.0143
2021-06-11,0,2021-06-11 00:19:59,17.00,4.50,1.50,17.00,5.00,17.00,0.1813,0.0000
2021-06-11,0,2021-06-11 00:29:59,0.00,0.00,0.00,0.00,0.00,0.00,0.0000,0.0000
2021-06-11,0,2021-06-11 00:39:59,58.00,7.50,2.00,58.50,4.00,69.00,0.0000,0.0313
2021-06-11,2,2021-06-11 02:09:59,57.00,5.00,4.50,57.00,4.00,63.00,0.2759,0.0000
2021-06-11,2,2021-06-11 02:14:59,0.00,0.00,0.00,0.00,0.00,0.00,0.0000,0.4286
2021-06-11,3,2021-06-11 03:34:59,56.50,6.50,2.50,56.50,6.00,63.00,0.0556,0.0000
2021-06-11,4,2021-06-11 04:09:59,52.50,4.50,2.00,52.50,11.00,57.00,0.0606,0.0000
2021-06-11,4,2021-06-11 04:34:59,213.00,12434.00,17.00,213.00,150.00,213.00,0.0000,0.0000
2021-06-11,4,2021-06-11 04:39:59,25.00,6.00,1.00,25.00,3.00,24.00,0.0667,0.0000
2021-06-11,4,2021-06-11 04:39:59,47.00,5.67,1.00,46.67,4.00,55.00,0.0426,0.0000
2021-06-11,4,2021-06-11 04:54:59,0.00,0.00,0.00,0.00,67.00,0.00,0.0005,0.0000
2021-06-11,4,2021-06-11 04:54:59,3.00,5.00,6.00,3.00,76.00,3.00,0.0013,0.0000
2021-06-11,5,2021-06-11 05:04:59,5.00,3.00,3.00,5.00,4.00,5.00,0.0000,0.0000
2021-06-11,5,2021-06-11 05:04:59,57.33,5.11,2.44,57.22,4.00,54.00,0.0000,0.0000
2021-06-11,5,2021-06-11 05:09:59,54.50,4.00,3.50,55.00,3.00,59.00,0.0000,0.0000
2021-06-11,5,2021-06-11 05:24:59,25.00,12.00,10.00,24.00,48.00,24.00,0.0149,0.0000
2021-06-11,5,2021-06-11 05:39:59,60.00,4.50,1.50,59.00,3.00,65.00,0.0588,0.0000
2021-06-11,5,2021-06-11 05:49:59,19.50,9.00,2.50,19.50,7.00,20.00,0.0135,0.0000
2021-06-11,6,2021-06-11 06:09:59,53.00,4.50,2.00,53.00,5.00,58.00,0.0625,0.0000
2021-06-11,6,2021-06-11 06:54:59,58.00,20.50,2.50,58.00,6.00,63.00,0.0294,0.0000
2021-06-11,7,2021-06-11 07:29:59,24.00,39.00,0.00,24.00,4.00,23.00,0.0000,0.0000
2021-06-11,7,2021-06-11 07:29:59,5.00,3.00,3.00,4.00,4.00,4.00,0.0000,0.0000
2021-06-11,7,2021-06-11 07:34:59,20.22,22.11,3.33,20.67,24.00,20.00,0.0000,0.0000
2021-06-11,7,2021-06-11 07:34:59,4.29,4.57,1.93,3.64,4.00,3.00,0.0000,0.0000
2021-06-11,7,2021-06-11 07:34:59,52.75,66.67,4.33,52.75,51.00,57.00,0.0000,0.0000
2021-06-11,7,2021-06-11 07:39:59,23.60,3.40,1.53,23.33,13.00,23.00,0.0000,0.0000
2021-06-11,7,2021-06-11 07:39:59,7.74,3.87,9.26,7.70,9.00,7.00,0.0000,0.0000
2021-06-11,7,2021-06-11 07:49:59,25.50,1.00,320.00,25.00,0.00,25.00,0.0000,0.0000
2021-06-11,9,2021-06-11 09:34:59,53.50,4.50,1.00,53.50,22.00,59.00,0.2759,0.1628
2021-06-11,9,2021-06-11 09:59:59,50.00,768.50,11.00,50.00,91.00,57.00,0.0385,0.0000
2021-06-11,10,2021-06-11 10:14:59,21.00,3.80,17.30,20.90,3.00,23.00,0.0000,0.0000
2021-06-11,10,2021-06-11 10:14:59,12.00,4.20,2.00,12.40,8.00,12.00,0.0000,0.0000
2021-06-11,10,2021-06-11 10:24:59,17.00,3.00,2.00,17.00,16.00,16.00,0.0000,0.0000
2021-06-11,10,2021-06-11 10:54:59,44.67,4.00,2.33,44.67,11.00,50.00,0.2222,0.0000
2021-06-11,11,2021-06-11 11:19:59,10.89,4.08,6.89,10.81,12.00,6.00,0.0000,0.0000
2021-06-11,11,2021-06-11 11:19:59,21.40,4.90,15.20,21.30,4.00,21.00,0.0000,0.0000
2021-06-11,11,2021-06-11 11:19:59,36.00,86.00,230.50,36.50,14.00,41.00,0.0000,0.0200
2021-06-11,11,2021-06-11 11:19:59,10.67,4.67,1.33,10.33,4.00,11.00,0.0000,0.0000
2021-06-11,11,2021-06-11 11:19:59,13.00,8.00,2.00,14.00,19.00,13.00,0.0000,0.0000
2021-06-11,11,2021-06-11 11:24:59,23.00,4.20,1.00,22.60,18.00,22.00,0.0000,0.0000
2021-06-11,11,2021-06-11 11:54:59,58.50,45.50,2.50,58.50,5.00,64.00,0.2632,0.1316
2021-06-11,11,2021-06-11 11:59:59,20.00,6.00,1.00,19.00,4.00,19.00,0.4063,0.0000
2021-06-11,12,2021-06-11 12:04:59,0.00,0.00,0.00,0.00,0.00,0.00,0.0000,0.0000
2021-06-11,14,2021-06-11 14:04:59,57.50,4.50,2.50,57.50,7.00,63.00,0.1702,0.0000
2021-06-11,15,2021-06-11 15:19:59,23.00,3.00,3.00,23.00,3.00,23.00,0.0000,0.0000
2021-06-11,15,2021-06-11 15:19:59,9.50,5.50,1.00,9.50,4.00,11.00,0.0000,0.0000
2021-06-11,15,2021-06-11 15:19:59,25.83,3.33,13.83,29.00,4.00,29.00,0.0000,0.0000
2021-06-11,15,2021-06-11 15:49:59,4.00,8.00,4.00,4.00,28.00,4.00,0.0500,0.0000
2021-06-11,15,2021-06-11 15:49:59,56.00,21.00,1.00,56.00,3.00,57.00,0.0000,0.0000
2021-06-11,15,2021-06-11 15:49:59,22.50,4.13,2.13,25.25,4.00,22.00,0.0000,0.0147
2021-06-11,15,2021-06-11 15:49:59,5.00,5.00,2.00,4.00,31.00,4.00,0.0435,0.0000
2021-06-11,15,2021-06-11 15:49:59,57.00,4.75,1.75,57.25,7.00,58.00,0.0000,0.0000
2021-06-11,16,2021-06-11 16:24:59,8.00,1.00,1.00,7.00,1.00,7.00,0.0000,0.0000
2021-06-11,16,2021-06-11 16:29:59,58.67,5.33,1.67,56.33,3.00,60.00,0.2078,0.0000
2021-06-11,17,2021-06-11 17:54:59,0.00,0.00,0.00,13010.00,0.00,0.00,0.0909,0.0000
2021-06-11,18,2021-06-11 18:24:59,6.50,3.50,0.50,6.50,8.00,6.00,0.0000,0.0000
2021-06-11,18,2021-06-11 18:24:59,53.00,4.50,0.50,52.00,6.00,52.00,0.0000,0.0000
2021-06-11,18,2021-06-11 18:24:59,23.00,4.00,10.00,23.00,5.00,23.00,0.0000,0.0000
2021-06-11,18,2021-06-11 18:24:59,10.41,3.85,5.15,10.49,10.00,10.00,0.0000,0.0000
2021-06-11,18,2021-06-11 18:24:59,27.00,4.00,0.00,28.00,3.00,27.00,0.0000,0.0000
2021-06-11,18,2021-06-11 18:24:59,22.75,4.13,2.13,22.56,5.00,22.00,0.0000,0.0000
2021-06-11,19,2021-06-11 19:59:59,25.50,1.00,294.50,26.00,0.00,26.00,0.0000,0.0000
2021-06-11,19,2021-06-11 19:59:59,51.50,8.00,1.50,186.50,4.00,52.00,0.0000,0.0217
2021-06-11,20,2021-06-11 20:14:59,0.00,0.00,0.00,71333.50,0.00,0.00,0.0833,0.0000
2021-06-11,20,2021-06-11 20:44:59,14.00,1963.00,87423.00,14.00,0.00,0.00,0.0000,0.0000
2021-06-11,20,2021-06-11 20:44:59,0.00,0.00,0.00,0.00,0.00,0.00,0.0000,0.0000
2021-06-11,20,2021-06-11 20:49:59,0.00,0.00,0.00,96273.00,0.00,0.00,0.0714,0.0000
2021-06-11,21,2021-06-11 21:09:59,0.00,0.00,0.00,67707.00,0.00,0.00,0.0833,0.0000
2021-06-11,21,2021-06-11 21:14:59,51.00,5.00,3.50,51.50,20.00,57.00,0.2759,0.2321
2021-06-11,21,2021-06-11 21:24:59,57.50,6.50,1.00,57.00,4.00,56.00,0.0000,0.0278
2021-06-11,21,2021-06-11 21:29:59,0.00,0.00,0.00,70481.50,0.00,0.00,0.0833,0.0000
2021-06-11,21,2021-06-11 21:34:59,0.00,0.00,0.00,0.00,0.00,0.00,0.0000,0.4412
2021-06-11,21,2021-06-11 21:49:59,0.00,0.00,0.00,69156.00,0.00,0.00,0.0833,0.0000
2021-06-11,21,2021-06-11 21:54:59,0.00,0.00,3.00,59.00,3.00,59.00,0.0000,0.1515
2021-06-11,21,2021-06-11 21:59:59,0.00,0.00,0.00,71317.00,0.00,0.00,0.0833,0.2941
2021-06-11,22,2021-06-11 22:49:59,12.00,3.00,2.00,12.00,5.00,11.00,0.0000,0.0000
2021-06-11,23,2021-06-11 23:04:59,0.00,0.00,0.00,70944.00,0.00,0.00,0.0833,0.0000
2021-06-11,23,2021-06-11 23:19:59,15.00,20.00,8.00,14.00,8.00,14.00,0.1455,0.0000
2021-06-11,23,2021-06-11 23:24:59,51.50,10.00,11.50,15883.00,10.00,56.00,0.2361,0.0000
2021-06-11,23,2021-06-11 23:34:59,57.00,14.00,0.00,56.00,34.00,56.00,0.0417,0.0000
2021-06-11,23,2021-06-11 23:54:59,52.00,11.00,1.00,52.00,3.00,52.00,0.0500,0.0000
2021-06-11,23,2021-06-11 23:54:59,50.00,5.00,4.00,50.00,3.00,50.00,0.0000,0.0000
2021-06-11,23,2021-06-11 23:59:59,0.00,0.00,0.00,65468.00,0.00,0.00,0.0833,0.3846
2021-06-12,0,2021-06-12 00:19:59,0.00,0.00,0.00,0.00,0.00,0.00,0.0000,0.0000
2021-06-12,0,2021-06-12 00:19:59,17.25,6.75,5.00,49.00,20.00,19.00,0.4228,0.0114
2021-06-12,0,2021-06-12 00:24:59,20.00,27.00,7.50,31.00,8.00,20.00,0.3188,0.0000
2021-06-12,0,2021-06-12 00:24:59,0.00,0.00,0.00,49805.00,0.00,0.00,0.0769,0.0000
2021-06-12,0,2021-06-12 00:44:59,0.00,0.00,0.00,69765.00,0.00,0.00,0.0833,0.0000
2021-06-12,1,2021-06-12 01:39:59,59.00,5.00,3.00,59.00,7.00,58.00,0.2286,0.0000
2021-06-12,1,2021-06-12 01:49:59,52.50,13.50,3.00,53.00,3.00,53.00,0.1667,0.0278
2021-06-12,1,2021-06-12 01:49:59,0.00,0.00,0.00,71998.00,0.00,0.00,0.0833,0.0000
2021-06-12,1,2021-06-12 01:49:59,0.00,0.00,0.00,0.00,0.00,0.00,0.0000,0.4545
2021-06-12,2,2021-06-12 02:09:59,0.00,0.00,0.00,70615.00,0.00,0.00,0.0833,0.0000
2021-06-12,2,2021-06-12 02:29:59,0.00,0.00,0.00,67854.00,0.00,0.00,0.0833,0.0000
2021-06-12,2,2021-06-12 02:34:59,55.00,5.00,3.00,54.00,4.00,54.00,0.0000,0.1875
2021-06-12,2,2021-06-12 02:39:59,0.00,0.00,0.00,68808.00,0.00,0.00,0.0833,0.0000
2021-06-12,2,2021-06-12 02:44:59,56.00,5.00,5.00,57.00,4.00,57.00,0.0000,0.1765
2021-06-12,2,2021-06-12 02:49:59,0.00,0.00,0.00,70733.00,0.00,0.00,0.0833,0.0000
2021-06-12,3,2021-06-12 03:04:59,0.00,0.00,0.00,70618.00,0.00,0.00,0.0833,0.3636
2021-06-12,3,2021-06-12 03:19:59,0.00,0.00,0.00,72720.00,0.00,0.00,0.0833,0.0000
2021-06-12,4,2021-06-12 04:39:59,0.00,0.00,0.00,68327.00,0.00,0.00,0.0833,0.0000
2021-06-12,5,2021-06-12 05:39:59,50.67,8.00,3.67,50.67,4.00,55.00,0.0943,0.0000
2021-06-12,5,2021-06-12 05:44:59,0.00,0.00,0.00,17637.00,0.00,0.00,0.0833,0.0000
2021-06-12,5,2021-06-12 05:54:59,56.00,31.00,3.00,56.00,4.00,56.00,0.0000,0.0000
2021-06-12,5,2021-06-12 05:59:59,52.50,4.75,1.75,52.25,3.00,52.00,0.0000,0.0000
2021-06-12,6,2021-06-12 06:04:59,0.00,0.00,0.00,12597.50,0.00,0.00,0.0952,0.1000
2021-06-12,6,2021-06-12 06:24:59,54.67,5.00,4.33,54.67,11.00,58.00,0.0426,0.0000
2021-06-12,6,2021-06-12 06:24:59,0.00,0.00,0.00,18770.00,0.00,0.00,0.0833,0.0000
2021-06-12,7,2021-06-12 07:04:59,54.25,4.75,2.25,54.00,6.00,53.00,0.0159,0.0143
2021-06-12,7,2021-06-12 07:04:59,0.00,0.00,0.00,2127.00,0.00,0.00,0.1176,0.0000
2021-06-12,7,2021-06-12 07:14:59,52.00,5.00,3.00,8837.00,3.00,52.00,0.0345,0.0417
2021-06-12,7,2021-06-12 07:19:59,0.00,0.00,0.00,17655.00,0.00,0.00,0.0833,0.0000
2021-06-12,8,2021-06-12 08:19:59,57.00,5.50,1.50,56.50,17.00,61.00,0.0313,0.0000
2021-06-12,8,2021-06-12 08:29:59,56.00,5.00,3.00,17085.50,4.00,56.00,0.0370,0.0000
2021-06-12,8,2021-06-12 08:34:59,0.00,0.00,0.00,69357.00,0.00,0.00,0.0833,0.0000
2021-06-12,8,2021-06-12 08:44:59,0.00,0.00,0.00,0.00,0.00,0.00,0.0000,0.4286
2021-06-12,9,2021-06-12 09:09:59,22.56,5.39,6.64,22.31,9.00,23.00,0.0000,0.0000
2021-06-12,9,2021-06-12 09:09:59,51.00,5.75,3.00,51.00,33.00,51.00,0.0000,0.0000
2021-06-12,9,2021-06-12 09:09:59,26.00,8.00,12.00,26.00,4.00,26.00,0.0000,0.0000
2021-06-12,9,2021-06-12 09:09:59,5.67,18.80,31.60,5.50,14.00,4.00,0.0005,0.0000
2021-06-12,9,2021-06-12 09:09:59,19.20,5.00,1.60,19.00,8.00,18.00,0.0000,0.0000
2021-06-12,9,2021-06-12 09:24:59,4.33,10.00,0.33,4.33,16.00,4.00,0.0001,0.0000
2021-06-12,9,2021-06-12 09:24:59,23.00,292.00,0.33,25.33,76.00,25.00,0.1356,0.0333
2021-06-12,9,2021-06-12 09:24:59,18.00,133.00,60.00,17.00,10.00,15.00,0.0000,0.0000
2021-06-12,9,2021-06-12 09:24:59,49.56,11.67,5.67,49.67,15.00,50.00,0.0000,0.0000
2021-06-12,9,2021-06-12 09:24:59,44.67,225.33,31.33,45.00,295.00,48.00,0.1235,0.0267
2021-06-12,9,2021-06-12 09:24:59,4.00,40.00,0.00,5.00,11.00,4.00,0.0000,0.0000
2021-06-12,9,2021-06-12 09:24:59,167.00,25.50,2.25,166.75,28.00,145.00,0.0000,0.0000
2021-06-12,9,2021-06-12 09:39:59,23.48,3.76,4.19,23.33,4.00,23.00,0.0000,0.0000
2021-06-12,9,2021-06-12 09:59:59,57.50,7.00,2.00,57.00,4.00,62.00,0.2807,0.2407
2021-06-12,10,2021-06-12 10:24:59,19.00,5.00,2.00,19.00,6.00,19.00,0.0000,0.0000
2021-06-12,10,2021-06-12 10:29:59,60.00,8.00,1.00,60.50,4.00,66.00,0.1739,0.0000
2021-06-12,10,2021-06-12 10:34:59,43.17,970.50,0.83,42.83,402.00,42.00,0.0847,0.0000
2021-06-12,10,2021-06-12 10:34:59,17.29,16.43,2.86,15.00,28.00,19.00,0.0000,0.0000
2021-06-12,10,2021-06-12 10:34:59,24.00,1485.00,0.00,24.00,0.00,24.00,0.0000,0.0000
2021-06-12,10,2021-06-12 10:34:59,21.38,190.14,48.57,21.00,157.00,173.00,0.1685,0.0000
2021-06-12,10,2021-06-12 10:34:59,18.75,132.50,1.00,18.50,521.00,23.00,0.1154,0.0000
2021-06-12,10,2021-06-12 10:34:59,9.54,811.00,87.67,27.67,45.00,30.00,0.0000,0.0000
2021-06-12,10,2021-06-12 10:34:59,8.11,566.11,1552.33,8.22,486.00,61.00,0.1786,0.0000
2021-06-12,10,2021-06-12 10:34:59,21.50,258.50,51.00,21.50,169.00,22.00,0.1200,0.0000
2021-06-12,10,2021-06-12 10:34:59,4.20,481.80,46.40,3.80,241.00,4.00,0.0323,0.0000
2021-06-12,10,2021-06-12 10:34:59,3.50,15.00,3.00,3.50,63.00,13.00,0.0000,0.0000
2021-06-12,10,2021-06-12 10:34:59,13.00,1884.00,0.00,0.00,0.00,0.00,0.0000,0.0000
2021-06-12,10,2021-06-12 10:34:59,3.22,772.25,137.63,3.67,355.00,7.00,0.0432,0.0164
2021-06-12,10,2021-06-12 10:34:59,7.00,18.67,9.67,6.33,164.00,2571.00,0.1041,0.0000
2021-06-12,10,2021-06-12 10:39:59,22.00,3.00,4.00,21.00,17.00,22.00,0.0000,0.0000
2021-06-12,10,2021-06-12 10:44:59,51.00,5.00,1.50,50.50,5.00,52.00,0.0256,0.0000
2021-06-12,10,2021-06-12 10:44:59,19.83,3.83,6.00,19.67,4.00,19.00,0.0000,0.0000
2021-06-12,10,2021-06-12 10:44:59,11.00,45.00,133.00,14.00,891.00,14.00,0.2143,0.0000
2021-06-12,10,2021-06-12 10:49:59,0.00,0.00,0.00,44581.00,0.00,0.00,0.0769,0.0000
2021-06-12,10,2021-06-12 10:49:59,4.25,201.00,3.00,4.00,363.00,9.00,0.1690,0.0000
2021-06-12,10,2021-06-12 10:49:59,12.00,379.00,0.00,11.00,727.00,11.00,0.1667,0.0000
2021-06-12,10,2021-06-12 10:49:59,4.00,0.00,0.00,4.00,541.00,4.00,0.2308,0.0000
2021-06-12,10,2021-06-12 10:49:59,36.33,5.67,7.33,36.00,48.00,36.00,0.2222,0.0400
2021-06-12,10,2021-06-12 10:49:59,33.50,147.50,1151.00,111.75,100.00,63.00,0.3125,0.0714
2021-06-12,10,2021-06-12 10:59:59,52.50,14.50,4.00,52.00,8.00,58.00,0.0833,0.0000
2021-06-12,10,2021-06-12 10:59:59,50.00,9.00,3.00,50.00,4.00,50.00,0.0000,0.0000
2021-06-12,11,2021-06-12 11:39:59,4.00,3.00,2.00,4.00,20.00,4.00,0.1389,0.0000
2021-06-12,11,2021-06-12 11:39:59,11.00,5.29,5.57,11.00,3.00,11.00,0.0000,0.0182
2021-06-12,11,2021-06-12 11:39:59,25.00,5.00,0.00,25.00,3.00,25.00,0.0000,0.0000
2021-06-12,11,2021-06-12 11:39:59,26.50,5.50,1.00,25.50,6.00,25.00,0.0000,0.0000
2021-06-12,11,2021-06-12 11:39:59,52.20,5.60,2.60,52.83,7.00,55.00,0.0000,0.0102
2021-06-12,11,2021-06-12 11:39:59,4.86,4.21,7.93,5.00,12.00,5.00,0.0205,0.0000
2021-06-12,11,2021-06-12 11:39:59,21.67,35.78,1.78,21.44,5.00,21.00,0.0000,0.0000
2021-06-12,11,2021-06-12 11:59:59,23.00,57.00,11.00,23.00,42.00,22.00,0.0000,0.0000
2021-06-12,11,2021-06-12 11:59:59,9.71,831.33,6.67,3.67,119.00,3.00,0.0390,0.0000
2021-06-12,11,2021-06-12 11:59:59,20.00,3.80,3.20,19.60,32.00,20.00,0.0000,0.0000
2021-06-12,12,2021-06-12 12:14:59,56.00,16.00,3.00,57.00,17.00,56.00,0.0000,0.2791
2021-06-12,12,2021-06-12 12:14:59,24.00,4.00,2.00,24.00,7.00,37.00,0.0000,0.0000
2021-06-12,12,2021-06-12 12:29:59,22.00,3.00,4.00,22.00,17.00,22.00,0.0000,0.0000
2021-06-12,12,2021-06-12 12:34:59,52.50,5.00,4.00,52.50,12.00,56.00,0.0000,0.0000
2021-06-12,20,2021-06-12 20:14:59,22.50,1.00,14.50,23.00,0.00,23.00,0.0000,0.0000
2021-06-12,20,2021-06-12 20:14:59,1030.00,1.00,1.00,29.00,2.00,29.00,0.0000,0.1818
2021-06-13,0,2021-06-13 00:04:59,12.00,65.00,2.00,12.00,6.00,12.00,0.1750,0.0000
2021-06-13,0,2021-06-13 00:19:59,18.00,7.50,2.50,54.75,12.00,17.00,0.0484,0.0058
2021-06-13,4,2021-06-13 04:09:59,26.50,1.00,158.25,26.25,0.00,26.00,0.0000,0.0000
2021-06-13,7,2021-06-13 07:29:59,21.55,3.95,7.18,21.59,5.00,21.00,0.0000,0.0000
2021-06-13,7,2021-06-13 07:29:59,10.44,4.00,12.06,10.39,7.00,10.00,0.0000,0.0000
2021-06-13,7,2021-06-13 07:29:59,12.50,6.00,1.00,12.50,9.00,13.00,0.0000,0.0000
2021-06-13,7,2021-06-13 07:29:59,56.00,0.00,0.00,0.00,0.00,0.00,0.0000,0.0000
2021-06-13,7,2021-06-13 07:29:59,24.00,5.00,1.00,24.00,20.00,23.00,0.0000,0.0000
2021-06-13,7,2021-06-13 07:29:59,50.13,5.56,2.19,59.56,4.00,50.00,0.0000,0.0030
2021-06-13,7,2021-06-13 07:29:59,12.17,3.83,2.00,12.17,4.00,12.00,0.0000,0.0000
2021-06-13,7,2021-06-13 07:34:59,17.00,4.00,1.00,16.00,11.00,16.00,0.0000,0.0000
2021-06-13,7,2021-06-13 07:34:59,11.57,3.86,2.36,11.25,4.00,11.00,0.0000,0.0000
2021-06-13,7,2021-06-13 07:39:59,21.32,4.38,1.05,21.00,23.00,21.00,0.0187,0.0000
2021-06-13,7,2021-06-13 07:39:59,9.16,3.89,4.53,9.32,9.00,8.00,0.0000,0.0000
2021-06-13,7,2021-06-13 07:44:59,17.00,5.00,0.00,17.00,12.00,17.00,0.0139,0.0000
2021-06-13,7,2021-06-13 07:44:59,22.18,5.36,30.82,22.00,12.00,22.00,0.0000,0.0000
2021-06-13,7,2021-06-13 07:49:59,4.50,4.00,4.00,4.00,8.00,4.00,0.0000,0.0000
2021-06-13,7,2021-06-13 07:49:59,21.58,3.62,7.54,21.58,5.00,23.00,0.0000,0.0000
2021-06-13,7,2021-06-13 07:54:59,13.00,4.33,3.33,13.00,4.00,13.00,0.0000,0.0000
2021-06-13,7,2021-06-13 07:54:59,21.70,3.40,1.70,21.36,5.00,21.00,0.0000,0.0000
2021-06-13,7,2021-06-13 07:59:59,25.00,17.00,8.00,25.00,7.00,25.00,0.0000,0.0000
2021-06-13,7,2021-06-13 07:59:59,21.44,3.89,2.11,20.80,3.00,21.00,0.0000,0.0000
2021-06-13,8,2021-06-13 08:09:59,57.00,4.00,1.50,57.00,12.00,61.00,0.0000,0.0000
2021-06-13,8,2021-06-13 08:14:59,13.00,8.00,22.00,13.00,24.00,13.00,0.0385,0.0000
2021-06-13,8,2021-06-13 08:14:59,4.00,11.00,0.00,4.00,11.00,4.00,0.0000,0.0000
2021-06-13,8,2021-06-13 08:14:59,24.00,4.00,2.00,24.00,4.00,25.00,0.0000,0.0000
2021-06-13,8,2021-06-13 08:14:59,58.50,4.00,2.00,58.00,4.00,57.00,0.0000,0.0000
2021-06-13,8,2021-06-13 08:34:59,23.31,12.38,2.50,23.50,13.00,23.00,0.0000,0.0000
2021-06-13,8,2021-06-13 08:39:59,50.50,4.00,1.50,50.50,6.00,55.00,0.0000,0.0000
2021-06-13,9,2021-06-13 09:04:59,53.50,3.50,1.50,54.00,4.00,53.00,0.0000,0.0222
2021-06-13,9,2021-06-13 09:09:59,11.00,6.00,1.00,11.00,305.00,11.00,0.0400,0.0000
2021-06-13,9,2021-06-13 09:09:59,4.67,0.00,0.00,0.00,0.00,0.00,0.0000,0.0000
2021-06-13,9,2021-06-13 09:09:59,52.60,45.60,1.80,52.60,8.00,53.00,0.0000,0.0177
2021-06-13,9,2021-06-13 09:14:59,24.50,6.50,2.00,24.50,5.00,24.00,0.0000,0.0000
2021-06-13,9,2021-06-13 09:14:59,23.40,157.20,2.20,23.30,26.00,23.00,0.0169,0.0000
2021-06-13,9,2021-06-13 09:24:59,18.00,4.00,1.00,18.00,4.00,17.00,0.0000,0.0000
2021-06-13,9,2021-06-13 09:29:59,40.00,6.50,1.00,40.00,5.00,48.00,0.3063,0.0000
2021-06-13,9,2021-06-13 09:44:59,52.00,9.50,1.50,51.50,8.00,53.00,0.0000,0.0000
2021-06-13,10,2021-06-13 10:09:59,50.50,5.00,2.00,50.50,9.00,50.00,0.0000,0.0000
2021-06-13,10,2021-06-13 10:14:59,5.00,6.00,1.00,4.00,5.00,4.00,0.0000,0.0000
2021-06-13,10,2021-06-13 10:14:59,22.55,5.00,6.82,22.45,17.00,22.00,0.0000,0.0000
2021-06-13,11,2021-06-13 11:09:59,24.00,9.00,0.00,25.00,15.00,24.00,0.0857,0.0000
2021-06-13,11,2021-06-13 11:14:59,57.50,74.50,4.50,57.00,10.00,61.00,0.0000,0.0000
2021-06-13,11,2021-06-13 11:14:59,23.00,3.67,13.00,22.33,3.00,23.00,0.0000,0.0000
2021-06-13,11,2021-06-13 11:14:59,9.00,4.00,4.00,9.00,5.00,9.00,0.0000,0.0000
2021-06-13,11,2021-06-13 11:19:59,50.00,6.00,0.00,50.00,4.00,49.00,0.0000,0.0000
2021-06-13,11,2021-06-13 11:54:59,56.50,5.00,1.00,57.50,3.00,63.00,0.0000,0.0000
2021-06-13,17,2021-06-13 17:54:59,27.00,0.00,1.50,26.50,0.00,27.00,0.0000,0.0000
2021-06-13,17,2021-06-13 17:54:59,1032.00,1.00,0.00,0.00,0.00,0.00,0.0000,0.0000
2021-06-13,19,2021-06-13 19:54:59,259.00,376.00,0.00,0.00,0.00,0.00,0.0000,0.0000
2021-06-13,19,2021-06-13 19:54:59,23.00,3.33,28.67,22.67,9.00,22.00,0.0000,0.0455
2021-06-13,19,2021-06-13 19:59:59,23.00,1.00,14.50,23.50,0.00,23.00,0.0000,0.0000
2021-06-13,23,2021-06-13 23:29:59,12.50,10.00,2.00,12.50,10.00,13.00,0.1135,0.0122
2021-06-13,23,2021-06-13 23:34:59,0.00,0.00,0.00,0.00,0.00,0.00,0.0000,0.0000
2021-06-13,23,2021-06-13 23:49:59,53.00,11.00,3.00,53.50,6.00,59.00,0.2407,0.0000
2021-06-13,23,2021-06-13 23:54:59,20.00,4.00,3.00,20.00,5.00,20.00,0.0000,0.0000
2021-06-14,0,2021-06-14 00:09:59,16.00,5.00,3.00,15.67,10.00,15.00,0.4160,0.0000
2021-06-14,0,2021-06-14 00:14:59,0.00,0.00,0.00,0.00,0.00,0.00,0.0000,0.0000
2021-06-14,0,2021-06-14 00:14:59,12.00,69.50,31.00,12.50,8.00,13.00,0.2997,0.0000
2021-06-14,0,2021-06-14 00:14:59,61.00,11.00,2.00,61.00,4.00,61.00,0.2500,0.0000
2021-06-14,0,2021-06-14 00:29:59,0.00,0.00,0.00,0.00,0.00,0.00,0.0000,0.0000
2021-06-14,1,2021-06-14 01:14:59,0.00,0.00,0.00,69328.00,0.00,0.00,0.0769,0.0000
2021-06-14,1,2021-06-14 01:29:59,3002.00,1.00,332.00,4.00,12.00,4.00,0.0000,0.0000
2021-06-14,1,2021-06-14 01:34:59,0.00,0.00,0.00,69079.00,0.00,0.00,0.0833,0.0000
2021-06-14,2,2021-06-14 02:24:59,65.00,4.00,2.00,64.50,4.00,70.00,0.2759,0.0000
2021-06-14,4,2021-06-14 04:29:59,47.67,5.00,1.00,48.33,31.00,59.00,0.0000,0.0000
2021-06-14,4,2021-06-14 04:39:59,13.00,68.00,2.00,13.00,14.00,12.00,0.0833,0.0000
2021-06-14,5,2021-06-14 05:09:59,53.50,4.50,2.50,53.50,8.00,58.00,0.0333,0.0000
2021-06-14,5,2021-06-14 05:44:59,60.00,4.33,2.33,60.00,5.00,63.00,0.0364,0.0172
2021-06-14,5,2021-06-14 05:44:59,26.33,13.67,6.33,26.33,7.00,24.00,0.0366,0.0000
2021-06-14,6,2021-06-14 06:24:59,66.00,5.00,1.50,65.50,52.00,70.00,0.0286,0.0000
2021-06-14,6,2021-06-14 06:34:59,57.00,11.00,5.00,54.00,11.00,54.00,0.0000,0.0000
2021-06-14,6,2021-06-14 06:59:59,59.00,4.50,2.50,59.00,3.00,64.00,0.0000,0.0000
2021-06-14,6,2021-06-14 06:59:59,52.00,124.00,1.00,51.00,5.00,51.00,0.0000,0.0000
2021-06-14,7,2021-06-14 07:04:59,51.00,109.00,8.00,51.00,5.00,51.00,0.0000,0.0000
2021-06-14,7,2021-06-14 07:14:59,54.00,6.00,3.00,54.00,5.00,54.00,0.0000,0.0000
2021-06-14,7,2021-06-14 07:24:59,63.00,17.00,8.00,63.00,4.00,63.00,0.0000,0.0000
2021-06-14,7,2021-06-14 07:39:59,63.00,97.00,3.00,62.00,20.00,62.00,0.0000,0.0000
2021-06-14,7,2021-06-14 07:54:59,55.00,64.00,7.00,54.00,9.00,57.00,0.0000,0.0000
2021-06-14,7,2021-06-14 07:54:59,52.00,78.00,3.00,52.00,69.00,52.00,0.2581,0.1429
2021-06-14,8,2021-06-14 08:04:59,12.13,13.38,7.25,12.13,7.00,12.00,0.0069,0.0000
2021-06-14,8,2021-06-14 08:04:59,23.00,11.00,1.33,22.67,6.00,22.00,0.0000,0.0000
2021-06-14,8,2021-06-14 08:24:59,16.00,3.75,4.75,15.25,3.00,15.00,0.0000,0.0000
2021-06-14,8,2021-06-14 08:24:59,22.00,45.00,4.00,23.00,12.00,22.00,0.0000,0.0000
2021-06-14,8,2021-06-14 08:24:59,62.26,7.00,1.89,78.95,7.00,65.00,0.0035,0.0029
2021-06-14,8,2021-06-14 08:24:59,4.00,20.00,0.00,4.00,25.00,4.00,0.0400,0.0000
2021-06-14,8,2021-06-14 08:24:59,5.80,3.40,3.70,6.00,10.00,3.00,0.0001,0.0000
2021-06-14,8,2021-06-14 08:29:59,16.00,4.00,0.00,16.00,6.00,16.00,0.0000,0.0000
2021-06-14,8,2021-06-14 08:29:59,65.00,4.00,2.00,65.00,104.00,64.00,0.0408,0.0000
2021-06-14,8,2021-06-14 08:29:59,20.48,4.57,3.74,20.57,12.00,20.00,0.0000,0.0000
2021-06-14,8,2021-06-14 08:34:59,3.00,4.00,2.00,3.00,57.00,3.00,0.0370,0.0000
2021-06-14,8,2021-06-14 08:34:59,8.41,4.02,3.51,8.31,9.00,10.00,0.0000,0.0001
2021-06-14,8,2021-06-14 08:34:59,21.00,4.50,3.00,20.50,3.00,22.00,0.0000,0.0000
2021-06-14,8,2021-06-14 08:34:59,22.40,3.80,2.80,22.00,7.00,21.00,0.0000,0.0000
2021-06-14,8,2021-06-14 08:39:59,64.00,10.00,1.00,64.00,3.00,63.00,0.0000,0.0000
2021-06-14,8,2021-06-14 08:59:59,68.50,6.00,1.50,68.50,4.00,73.00,0.2759,0.2987
2021-06-14,8,2021-06-14 08:59:59,11.00,9.00,11.50,11.00,13.00,11.00,0.0000,0.0000
2021-06-14,9,2021-06-14 09:14:59,23.00,15.00,0.00,22.00,12.00,23.00,0.0000,0.0000
2021-06-14,9,2021-06-14 09:14:59,23.00,139.00,0.50,23.00,60.00,23.00,0.0000,0.0000
2021-06-14,9,2021-06-14 09:14:59,19.00,3.00,2.00,17.00,94.00,19.00,0.0122,0.0000
2021-06-14,9,2021-06-14 09:19:59,55.00,457.75,1.00,2402.25,233.00,58.00,0.3538,0.0652
2021-06-14,9,2021-06-14 09:19:59,11.00,11.00,86.00,11.00,44.00,10.00,0.0667,0.0000
2021-06-14,9,2021-06-14 09:29:59,3.00,9.00,0.00,3.00,12.00,3.00,0.1111,0.0000
2021-06-14,9,2021-06-14 09:29:59,59.60,8.80,1.00,89.40,766.00,57.00,0.1429,0.0879
2021-06-14,9,2021-06-14 09:29:59,18.33,3309.00,1.33,17.33,35.00,13.00,0.2000,0.0196
2021-06-14,9,2021-06-14 09:29:59,3.00,1046.00,14.00,3.00,0.00,3.00,0.1667,0.0000
2021-06-14,9,2021-06-14 09:34:59,0.00,0.00,0.00,0.00,0.00,0.00,0.0000,0.0000
2021-06-14,9,2021-06-14 09:34:59,18.00,16.00,1.00,18.00,80.00,18.00,0.4439,0.0000
2021-06-14,9,2021-06-14 09:44:59,17.33,5.00,3.00,16.67,16.00,17.00,0.1777,0.0000
2021-06-14,9,2021-06-14 09:49:59,16.00,4.50,1.00,16.00,5.00,148.00,0.0000,0.0200
2021-06-14,9,2021-06-14 09:49:59,183.84,5.53,2.11,23.26,4.00,23.00,0.0000,0.0000
2021-06-14,9,2021-06-14 09:54:59,22.00,15.00,8.00,22.00,41.00,23.00,0.2105,0.0000
2021-06-14,10,2021-06-14 10:04:59,58.43,4.29,2.00,58.43,4.00,57.00,0.0000,0.0067
2021-06-14,10,2021-06-14 10:19:59,23.00,4.00,0.50,23.50,4.00,23.00,0.0000,0.0000
2021-06-14,10,2021-06-14 10:19:59,5.00,3.00,1.00,5.00,16.00,4.00,0.0000,0.0000
2021-06-14,10,2021-06-14 10:19:59,21.43,56.21,8.50,21.00,33.00,21.00,0.0057,0.0126
2021-06-14,10,2021-06-14 10:49:59,24.50,4.50,2.00,24.25,3.00,25.00,0.0000,0.0000
2021-06-14,10,2021-06-14 10:49:59,13.00,6.00,1.00,13.00,18.00,13.00,0.0000,0.0000
2021-06-14,11,2021-06-14 11:14:59,61.00,142.00,2.00,61.00,4.00,61.00,0.0000,0.0000
2021-06-14,11,2021-06-14 11:14:59,13.00,5.00,2.00,12.00,33.00,12.00,0.2549,0.0000
2021-06-14,11,2021-06-14 11:14:59,20.00,29.33,3.33,20.00,7.00,20.00,0.0000,0.0000
2021-06-14,11,2021-06-14 11:29:59,0.00,0.00,0.00,0.00,0.00,0.00,0.0000,0.0000
2021-06-14,11,2021-06-14 11:34:59,23.50,0.50,305.00,23.50,1.00,23.00,0.0000,0.0000
2021-06-14,11,2021-06-14 11:34:59,4.00,3.00,3.00,3.00,5.00,3.00,0.0000,0.0000
2021-06-14,11,2021-06-14 11:34:59,9.60,5.80,2.20,9.60,5.00,10.00,0.0000,0.0000
2021-06-14,11,2021-06-14 11:34:59,21.17,8.50,3.50,21.17,15.00,21.00,0.0000,0.0000
2021-06-14,11,2021-06-14 11:34:59,30.00,4.00,0.00,30.00,4.00,30.00,0.0000,0.0000
2021-06-14,11,2021-06-14 11:34:59,26.00,1.00,1.00,26.00,1.00,26.00,0.0000,0.0000
2021-06-14,11,2021-06-14 11:39:59,65.00,63.00,1.50,64.50,43.00,70.00,0.0000,0.0000
2021-06-14,11,2021-06-14 11:49:59,23.00,74.00,0.00,0.00,0.00,0.00,0.0000,0.0000
2021-06-14,16,2021-06-14 16:24:59,10.00,1.00,1.00,10.00,1.00,10.00,0.0000,0.0000
2021-06-14,17,2021-06-14 17:44:59,66.00,50.00,14.00,66.00,10.00,66.00,0.2581,0.0000
2021-06-14,17,2021-06-14 17:49:59,42.00,99.00,5.67,42.00,53.00,42.00,0.3494,0.0000
2021-06-14,17,2021-06-14 17:54:59,0.00,0.00,0.00,71606.00,0.00,0.00,0.0833,0.0000
2021-06-14,17,2021-06-14 17:59:59,0.00,0.00,0.00,0.00,0.00,0.00,0.0000,0.4500
2021-06-14,17,2021-06-14 17:59:59,0.00,0.00,0.00,0.00,0.00,0.00,0.0000,0.0000
2021-06-14,18,2021-06-14 18:24:59,13.00,50.00,18.00,12.00,8.00,12.00,0.4439,0.0000
2021-06-14,18,2021-06-14 18:29:59,26.00,6.00,2.00,26.00,5.00,26.00,0.4132,0.0000
2021-06-14,19,2021-06-14 19:09:59,25.00,0.50,21.00,25.00,1.00,25.00,0.0000,0.0000
2021-06-14,19,2021-06-14 19:59:59,15.50,6.00,1.00,16.00,15.00,33.00,0.0500,0.0196
2021-06-14,20,2021-06-14 20:04:59,0.00,0.00,0.00,0.00,0.00,0.00,0.0000,0.1875
2021-06-14,20,2021-06-14 20:54:59,16.00,5.00,2.00,16.00,4.00,21.00,0.1860,0.0000
2021-06-14,20,2021-06-14 20:54:59,22.10,11.60,4.70,21.90,20.00,22.00,0.0000,0.0000
2021-06-14,20,2021-06-14 20:54:59,12.50,6.00,4.00,12.50,48.00,9.00,0.0385,0.0741
2021-06-14,21,2021-06-14 21:59:59,0.00,0.00,0.00,74443.00,0.00,0.00,0.0833,0.0000
2021-06-15,0,2021-06-15 00:04:59,18.00,49.00,2.00,18.00,12.00,18.00,0.4439,0.0000
2021-06-15,0,2021-06-15 00:09:59,0.00,0.00,0.00,0.00,0.00,0.00,0.0000,0.0000
2021-06-15,0,2021-06-15 00:14:59,17.25,9.00,6.00,17.00,14.00,21.00,0.3508,0.0000
2021-06-15,1,2021-06-15 01:04:59,65.50,51.00,2.50,65.00,4.00,76.00,0.2542,0.0000
2021-06-15,2,2021-06-15 02:09:59,13.00,4.00,3.00,13.00,5.00,13.00,0.0000,0.0000
2021-06-15,3,2021-06-15 03:19:59,65.00,45.50,24.50,65.00,11.00,64.00,0.2419,0.0000
2021-06-15,5,2021-06-15 05:24:59,7.00,36.00,2.00,6.00,26.00,6.00,0.1053,0.0000
2021-06-15,6,2021-06-15 06:29:59,61.00,20.00,2.00,438.00,4.00,60.00,0.0000,0.0417
2021-06-15,6,2021-06-15 06:59:59,11.00,6.00,2.00,11.00,5.00,11.00,0.4350,0.0000
2021-06-15,7,2021-06-15 07:19:59,60.50,41.00,3.00,60.00,13.00,60.00,0.2462,0.0769
2021-06-15,7,2021-06-15 07:29:59,22.00,61.00,3.00,22.00,5.00,22.00,0.0000,0.0000
2021-06-15,7,2021-06-15 07:29:59,0.00,0.00,0.00,0.00,0.00,0.00,0.0000,0.4615
2021-06-15,7,2021-06-15 07:29:59,11.50,6.00,3.50,11.50,13.00,13.00,0.0000,0.0000
2021-06-15,7,2021-06-15 07:29:59,22.50,275.50,79.06,22.17,11.00,22.00,0.0069,0.0258
2021-06-15,7,2021-06-15 07:29:59,64.67,4.33,2.00,64.33,13.00,65.00,0.0000,0.0149
2021-06-15,7,2021-06-15 07:29:59,28.38,0.00,0.00,0.00,0.00,0.00,0.0000,0.0000
2021-06-15,7,2021-06-15 07:34:59,16.00,4.00,4.00,16.00,123.00,16.00,0.1250,0.0000
2021-06-15,7,2021-06-15 07:39:59,41.50,4.00,3.50,41.00,6.00,54.00,0.3896,0.0000
2021-06-15,7,2021-06-15 07:49:59,24.50,1.00,289.00,25.00,1.00,25.00,0.0000,0.0000
2021-06-15,7,2021-06-15 07:49:59,55.00,4.00,2.00,55.00,4.00,55.00,0.0000,0.0000
2021-06-15,7,2021-06-15 07:54:59,14.00,7.00,1.00,14.00,5.00,14.00,0.4286,0.0000
2021-06-15,15,2021-06-15 15:04:59,9.00,5.25,1.00,9.25,5.00,10.00,0.0000,0.0000
2021-06-15,15,2021-06-15 15:04:59,9.00,13.00,3.00,8.50,11.00,8.00,0.0147,0.0000
2021-06-15,15,2021-06-15 15:04:59,27.00,1.00,217.33,27.00,0.00,27.00,0.0000,0.0000
2021-06-15,15,2021-06-15 15:04:59,27.00,3.00,1.00,27.00,3.00,27.00,0.0000,0.0000
2021-06-15,15,2021-06-15 15:09:59,18.00,4.00,0.00,19.00,29.00,19.00,0.0000,0.0000
2021-06-15,15,2021-06-15 15:09:59,21.00,5.00,2.00,21.00,9.00,21.00,0.0000,0.0000
2021-06-15,15,2021-06-15 15:09:59,3.00,5.00,2.00,2.00,11.00,16.00,0.0000,0.0000
2021-06-15,15,2021-06-15 15:09:59,24.00,20.00,8.00,23.00,3.00,23.00,0.0000,0.0000
2021-06-15,15,2021-06-15 15:09:59,19.11,3.67,5.33,19.00,6.00,19.00,0.0000,0.0000
2021-06-15,16,2021-06-15 16:09:59,64.00,59.00,5.00,63.00,4.00,63.00,0.1724,0.0000
2021-06-15,16,2021-06-15 16:19:59,21.00,7.00,2.00,21.00,13.00,21.00,0.0000,0.0000
2021-06-15,16,2021-06-15 16:19:59,63.00,86.00,10.00,63.00,5.00,63.00,0.0000,0.0000
2021-06-15,16,2021-06-15 16:19:59,0.00,0.00,0.00,0.00,0.00,0.00,0.0000,0.4118
2021-06-15,16,2021-06-15 16:19:59,17.75,3.50,16.00,19.00,3.00,20.00,0.0000,0.0000
2021-06-15,16,2021-06-15 16:24:59,25.00,0.00,1.00,25.00,1.00,25.00,0.0000,0.0000
2021-06-15,16,2021-06-15 16:24:59,22.00,5.00,2.00,22.00,3.00,22.00,0.2093,0.0000
2021-06-15,17,2021-06-15 17:24:59,2.50,4.00,1.50,3.00,4.00,3.00,0.0000,0.0000
2021-06-15,17,2021-06-15 17:24:59,24.33,4.00,27.33,24.67,3.00,24.00,0.0000,0.0000
2021-06-15,17,2021-06-15 17:24:59,4.00,10.00,2.00,4.00,7.00,4.00,0.0000,0.0000
2021-06-15,17,2021-06-15 17:39:59,25.00,5.00,3.00,25.00,6.00,25.00,0.1481,0.0000
2021-06-15,17,2021-06-15 17:44:59,0.00,0.00,0.00,0.00,0.00,0.00,0.0000,0.0000
2021-06-15,18,2021-06-15 18:14:59,23.00,4.00,3.00,23.00,6.00,23.00,0.0000,0.0000
2021-06-15,18,2021-06-15 18:19:59,4.00,4.00,0.00,4.00,5.00,4.00,0.0000,0.0000
2021-06-15,18,2021-06-15 18:24:59,15.00,4.00,2.00,15.00,3.00,14.00,0.0000,0.0000
2021-06-15,18,2021-06-15 18:24:59,50.60,7.00,2.60,50.60,7.00,55.00,0.2312,0.0000
2021-06-15,18,2021-06-15 18:34:59,65.33,3.63,1.83,73.63,3.00,23.00,0.0000,0.0067
2021-06-15,18,2021-06-15 18:34:59,23.00,3.00,0.00,0.00,0.00,0.00,0.0000,0.0000
2021-06-15,18,2021-06-15 18:34:59,73.00,4.00,2.00,73.00,4.00,73.00,0.0000,0.0000
2021-06-15,18,2021-06-15 18:34:59,23.50,4.00,5.00,24.00,4.00,24.00,0.0000,0.0000
2021-06-15,18,2021-06-15 18:39:59,20.00,5.00,1.00,20.00,7.00,20.00,0.0000,0.0000
2021-06-15,18,2021-06-15 18:44:59,18.00,10.00,4.00,18.00,6.00,18.00,0.0000,0.0000
2021-06-15,18,2021-06-15 18:44:59,15.00,13.00,7.00,15.00,7.00,15.00,0.4416,0.0000
2021-06-15,18,2021-06-15 18:49:59,26.00,4.00,2.00,26.00,4.00,26.00,0.0000,0.0000
2021-06-15,18,2021-06-15 18:49:59,24.00,4.00,6.00,24.00,3.00,24.00,0.0000,0.0000
2021-06-15,19,2021-06-15 19:54:59,24.00,16.00,2.00,23.00,3.00,24.00,0.1026,0.0345
2021-06-15,20,2021-06-15 20:04:59,55.00,4.50,3.50,55.00,11.00,55.00,0.0000,0.0000
2021-06-15,20,2021-06-15 20:04:59,14.67,36.00,10.67,15.00,5.00,15.00,0.0000,0.0000
2021-06-15,20,2021-06-15 20:04:59,55.50,3.00,1.50,55.50,17.00,55.00,0.0000,0.0000
2021-06-15,20,2021-06-15 20:09:59,11.44,444.56,1.67,11.33,50.00,12.00,0.1765,0.0000
2021-06-15,20,2021-06-15 20:09:59,9.50,4.50,1.00,8.50,7.00,8.00,0.0286,0.0152
2021-06-15,20,2021-06-15 20:09:59,4.00,4.00,2.00,3.00,43.00,4.00,0.0000,0.0000
2021-06-15,20,2021-06-15 20:09:59,23.00,1.00,307.00,23.50,0.00,23.00,0.0000,0.0000
2021-06-15,20,2021-06-15 20:14:59,58.50,49.00,3.50,58.00,7.00,62.00,0.0000,0.0000
2021-06-15,20,2021-06-15 20:14:59,21.00,5.00,1.00,20.00,6.00,21.00,0.0000,0.0000
2021-06-15,20,2021-06-15 20:14:59,20.50,3.91,1.55,20.33,5.00,20.00,0.0000,0.0000
2021-06-15,20,2021-06-15 20:49:59,66.00,5.00,1.00,66.50,35.00,73.00,0.2807,0.0000
2021-06-15,20,2021-06-15 20:59:59,0.00,0.00,0.00,0.00,0.00,0.00,0.0000,0.4516
2021-06-15,21,2021-06-15 21:19:59,70.00,65.00,2.50,70.00,25.00,74.00,0.0000,0.0000
2021-06-15,21,2021-06-15 21:54:59,60.50,6.50,1.50,60.50,5.00,67.00,0.2456,0.0000
2021-06-15,22,2021-06-15 22:59:59,523.50,3.50,63.50,623.50,5.00,23.00,0.0000,0.0625
2021-06-15,23,2021-06-15 23:49:59,14.00,282.00,1.00,14.00,6.00,14.00,0.1429,0.0000
2021-06-16,0,2021-06-16 00:09:59,18.00,3006.00,3.00,18.00,20.00,19.00,0.1140,0.0066
2021-06-16,0,2021-06-16 00:09:59,35.78,5051.29,0.00,0.00,0.00,0.00,0.0000,0.0000
2021-06-16,0,2021-06-16 00:09:59,5.00,13.00,0.00,4.00,75.00,4.00,0.2012,0.0000
2021-06-16,0,2021-06-16 00:14:59,25.00,0.00,0.00,0.00,0.00,0.00,0.0000,0.0000
2021-06-16,0,2021-06-16 00:19:59,0.00,0.00,0.00,0.00,0.00,0.00,0.0000,0.0000
2021-06-16,0,2021-06-16 00:24:59,10.00,3.00,3.00,10.00,4.00,10.00,0.0000,0.0333
2021-06-16,0,2021-06-16 00:34:59,60.50,7.50,1.00,60.50,5.00,65.00,0.2373,0.0000
2021-06-16,1,2021-06-16 01:19:59,65.50,54.50,2.50,65.00,35.00,82.00,0.2632,0.0370
2021-06-16,3,2021-06-16 03:44:59,62.50,6.00,1.00,62.50,26.00,68.00,0.2759,0.1818
2021-06-16,4,2021-06-16 04:29:59,0.00,0.00,0.00,0.00,0.00,0.00,0.0000,0.4286
2021-06-16,4,2021-06-16 04:59:59,54.50,11.00,1.50,54.50,14.00,60.00,0.2759,0.0000
2021-06-16,6,2021-06-16 06:04:59,22.00,3.43,1.43,21.96,3.00,21.00,0.0000,0.0000
2021-06-16,6,2021-06-16 06:09:59,63.00,9.00,0.00,63.00,29.00,63.00,0.0000,0.0000
2021-06-16,6,2021-06-16 06:14:59,18.50,219.50,0.00,0.00,0.00,0.00,0.0000,0.0000
2021-06-16,6,2021-06-16 06:14:59,21.00,1166.00,2.00,21.00,124.00,22.00,0.1364,0.0000
2021-06-16,6,2021-06-16 06:19:59,103.33,464.67,0.67,103.33,162.00,105.00,0.1000,0.0000
2021-06-16,6,2021-06-16 06:19:59,3.00,19.00,0.00,0.00,0.00,0.00,0.0000,0.0000
2021-06-16,6,2021-06-16 06:29:59,25.00,0.50,304.00,25.00,1.00,25.00,0.0000,0.0000
2021-06-16,6,2021-06-16 06:29:59,53.00,22.00,1.00,53.00,15.00,52.00,0.0000,0.0000
2021-06-16,6,2021-06-16 06:34:59,94.00,136.00,0.50,94.50,135.00,94.00,0.2500,0.0000
2021-06-16,6,2021-06-16 06:44:59,67.00,2.00,3.00,67.00,32.00,67.00,0.2581,0.0000
2021-06-16,6,2021-06-16 06:54:59,37.71,8.64,6.14,38.00,8.00,38.00,0.0000,0.0000
2021-06-16,6,2021-06-16 06:54:59,9.67,4.00,1.00,9.67,5.00,11.00,0.0000,0.0000
2021-06-16,6,2021-06-16 06:54:59,15.00,6.50,0.50,15.00,189.00,17.00,0.1683,0.0000
2021-06-16,6,2021-06-16 06:54:59,23.00,5.36,1.68,22.73,10.00,22.00,0.0149,0.0000
2021-06-16,6,2021-06-16 06:54:59,3.00,10.00,1.00,3.00,181.00,3.00,0.1538,0.0000
2021-06-16,6,2021-06-16 06:54:59,22.50,4.00,1.00,23.00,4.00,23.00,0.0000,0.0000
2021-06-16,6,2021-06-16 06:59:59,4.50,12.50,2.50,4.00,8.00,4.00,0.2500,0.0000
2021-06-16,6,2021-06-16 06:59:59,20.50,3.50,1.00,21.00,11.00,20.00,0.0000,0.0000
2021-06-16,6,2021-06-16 06:59:59,11.00,64.67,1.33,11.00,101.00,12.00,0.0750,0.0000
2021-06-16,6,2021-06-16 06:59:59,17.00,9.00,2.00,16.00,18.00,16.00,0.0000,0.0000
2021-06-16,6,2021-06-16 06:59:59,22.71,3.29,10.29,22.50,4.00,22.00,0.0000,0.0000
2021-06-16,6,2021-06-16 06:59:59,63.50,6.00,3.00,64.00,22.00,68.00,0.0000,0.0000
2021-06-16,7,2021-06-16 07:04:59,66.00,70.00,162.00,66.00,4.00,70.00,0.0000,0.0000
2021-06-16,7,2021-06-16 07:04:59,0.00,0.00,0.00,29.00,4.00,0.00,0.0000,0.0000
2021-06-16,7,2021-06-16 07:04:59,3.80,3.60,2.40,3.60,10.00,3.00,0.0000,0.0000
2021-06-16,7,2021-06-16 07:04:59,20.58,4.04,7.88,20.38,6.00,22.00,0.0000,0.0000
2021-06-16,7,2021-06-16 07:44:59,15.00,9.00,6.00,16.00,5.00,15.00,0.1000,0.0000
2021-06-16,7,2021-06-16 07:44:59,59.00,14.00,8.00,59.00,111.00,138.00,0.0789,0.0000
2021-06-16,7,2021-06-16 07:44:59,4.00,1179.00,0.00,0.00,0.00,0.00,0.0000,0.0000
2021-06-16,7,2021-06-16 07:44:59,54.00,10.00,1.00,53.00,9.00,53.00,0.0000,0.0000
2021-06-16,7,2021-06-16 07:54:59,16.00,6.00,4.00,15.00,6.00,15.00,0.1579,0.0000
2021-06-16,9,2021-06-16 09:14:59,12.00,15.00,65.00,16.00,383.00,15.00,0.2941,0.0000
2021-06-16,9,2021-06-16 09:14:59,28.17,377.33,15.00,27.33,561.00,27.00,0.0000,0.0000
2021-06-16,9,2021-06-16 09:14:59,42.40,730.40,3.80,42.40,0.00,42.00,0.0000,0.0000
2021-06-16,9,2021-06-16 09:14:59,21.00,730.17,1.50,21.17,974.00,21.00,0.1231,0.0000
2021-06-16,9,2021-06-16 09:14:59,10.00,1154.20,789.50,10.10,347.00,10.00,0.2472,0.0000
2021-06-16,9,2021-06-16 09:14:59,8.29,521.14,65.43,8.14,809.00,11.00,0.1404,0.0370
2021-06-16,9,2021-06-16 09:14:59,4.00,21.00,9.00,4.00,411.00,18.00,0.2000,0.0000
2021-06-16,9,2021-06-16 09:14:59,13.90,739.50,1.60,13.90,943.00,13.00,0.1532,0.0000
2021-06-16,9,2021-06-16 09:14:59,21.25,82.75,15.50,21.00,120.00,27.00,0.1064,0.0408
2021-06-16,9,2021-06-16 09:19:59,25.67,11.00,2.33,25.67,3.00,26.00,0.0000,0.0000
2021-06-16,9,2021-06-16 09:19:59,60.53,39.84,8.32,60.53,16.00,61.00,0.1190,0.0024
2021-06-16,9,2021-06-16 09:19:59,15.00,8.00,2.00,13.00,108.00,27.00,0.0000,0.0000
2021-06-16,9,2021-06-16 09:19:59,21.00,4.00,2.00,21.00,4.00,31.00,0.0000,0.0000
2021-06-16,9,2021-06-16 09:24:59,14.00,7.00,2.00,14.00,48.00,15.00,0.0000,0.0000
2021-06-16,9,2021-06-16 09:24:59,15.50,578.50,12.50,15.00,20.00,24.00,0.0000,0.0000
2021-06-16,9,2021-06-16 09:24:59,0.00,0.00,0.00,73125.00,0.00,0.00,0.0833,0.3636
2021-06-16,9,2021-06-16 09:29:59,43.80,3.40,1.40,43.80,27.00,43.00,0.0526,0.0000
2021-06-16,9,2021-06-16 09:29:59,5.00,3.36,0.91,5.18,10.00,12.00,0.0013,0.0000
2021-06-16,9,2021-06-16 09:29:59,18.00,3.00,13.33,17.67,3.00,17.00,0.0000,0.0000
2021-06-16,9,2021-06-16 09:29:59,26.00,3.00,26.00,26.00,4.00,26.00,0.0000,0.0000
2021-06-16,9,2021-06-16 09:29:59,47.00,28.00,1.00,29.00,75.00,36.00,0.1333,0.0588
2021-06-16,9,2021-06-16 09:29:59,47.00,2.00,8.00,46.00,15.00,60.00,0.0000,0.0000
2021-06-16,9,2021-06-16 09:29:59,16.21,730.92,5.42,15.46,13.00,17.00,0.0235,0.0000
2021-06-16,9,2021-06-16 09:29:59,42.00,4.50,1.50,42.50,23.00,49.00,0.0000,0.0000
2021-06-16,9,2021-06-16 09:29:59,43.88,19.25,1.38,43.00,27.00,45.00,0.0000,0.0000
2021-06-16,9,2021-06-16 09:29:59,41.00,3.00,25.00,18.00,3.00,41.00,0.0000,0.0000
2021-06-16,9,2021-06-16 09:29:59,14.96,368.16,5.32,14.80,7.00,21.00,0.0000,0.0000
2021-06-16,9,2021-06-16 09:29:59,40.00,2.00,22.00,40.00,2.00,59.00,0.0000,0.0000
2021-06-16,9,2021-06-16 09:29:59,8.57,855.29,21.29,8.57,15.00,15.00,0.0172,0.0000
2021-06-16,9,2021-06-16 09:29:59,10.75,4.75,0.75,11.25,4.00,10.00,0.0000,0.0000
2021-06-16,9,2021-06-16 09:29:59,13.00,6.50,1.50,13.00,20.00,15.00,0.0400,0.0000
2021-06-16,9,2021-06-16 09:29:59,3.70,399.89,63.15,3.52,13.00,9.00,0.0168,0.0020
2021-06-16,9,2021-06-16 09:29:59,4.67,8.67,43.00,4.67,9.00,10.00,0.0000,0.0000
2021-06-16,9,2021-06-16 09:29:59,15.50,19.88,3.88,15.25,5.00,16.00,0.0000,0.0000
2021-06-16,9,2021-06-16 09:34:59,16.00,3.00,3.00,17.00,4.00,16.00,0.0000,0.0000
2021-06-16,9,2021-06-16 09:34:59,15.63,8.90,9.80,15.50,6.00,25.00,0.0022,0.0013
2021-06-16,9,2021-06-16 09:34:59,18.00,5.00,1.00,18.00,3.00,17.00,0.0000,0.0000
2021-06-16,9,2021-06-16 09:34:59,9.45,10.91,2.18,9.64,5.00,25.00,0.0005,0.0000
2021-06-16,9,2021-06-16 09:34:59,25.00,3.00,4.00,25.00,6.00,30.00,0.0323,0.0851
2021-06-16,9,2021-06-16 09:34:59,26.00,3.00,8.00,89.00,56.00,22.00,0.0000,0.0000
2021-06-16,9,2021-06-16 09:34:59,5.96,300.68,13.28,5.98,17.00,8.00,0.0023,0.0000
2021-06-16,9,2021-06-16 09:34:59,12.00,4.00,20.00,11.00,9.00,12.00,0.0000,0.0000
2021-06-16,9,2021-06-16 09:39:59,43.75,3.25,11.50,43.75,6.00,44.00,0.0270,0.0000
2021-06-16,9,2021-06-16 09:39:59,31.25,4.25,70.50,31.25,3.00,28.00,0.0000,0.0000
2021-06-16,9,2021-06-16 09:39:59,10.00,4.00,2.00,10.00,5.00,16.00,0.0000,0.0000
2021-06-16,9,2021-06-16 09:39:59,3.00,3.00,1.00,3.00,9.00,3.00,0.0000,0.0000
2021-06-16,9,2021-06-16 09:39:59,7.25,4.08,12.58,7.75,43.00,10.00,0.0046,0.0000
2021-06-16,9,2021-06-16 09:39:59,18.46,3.92,1.92,18.38,8.00,19.00,0.0000,0.0000
2021-06-16,9,2021-06-16 09:39:59,3.53,7.41,111.35,3.47,15.00,7.00,0.0169,0.0000
2021-06-16,9,2021-06-16 09:39:59,34.00,3.50,8.00,69.00,41.00,27.00,0.0000,0.0000
2021-06-16,9,2021-06-16 09:39:59,24.64,4.27,4.36,24.36,4.00,25.00,0.0014,0.0103
2021-06-16,9,2021-06-16 09:39:59,9.40,28.60,2.40,10.60,9.00,11.00,0.0157,0.0000
2021-06-16,9,2021-06-16 09:39:59,10.00,3.00,1.00,10.00,23.00,10.00,0.0000,0.0000
2021-06-16,9,2021-06-16 09:39:59,3.75,3.25,5.00,4.20,8.00,12.00,0.0000,0.0000
2021-06-16,9,2021-06-16 09:39:59,4.00,3.00,14.00,5.00,9.00,6.00,0.0000,0.0000
2021-06-16,9,2021-06-16 09:39:59,4.11,3.33,7.67,4.33,4.00,13.00,0.0000,0.0000
2021-06-16,9,2021-06-16 09:39:59,0.00,0.00,0.00,0.00,0.00,0.00,0.0000,0.4000
2021-06-16,9,2021-06-16 09:44:59,27.00,4.00,2.00,27.00,17.00,27.00,0.0000,0.0000
2021-06-16,9,2021-06-16 09:44:59,16.00,4.00,1.00,15.00,3.00,14.00,0.4531,0.0000
2021-06-16,9,2021-06-16 09:44:59,28.00,3.00,6.00,28.00,2.00,28.00,0.0000,0.0000
2021-06-16,9,2021-06-16 09:49:59,4.00,2.00,3.00,4.00,56.00,4.00,0.0625,0.0000
2021-06-16,9,2021-06-16 09:49:59,10.71,16.94,2.88,10.71,5.00,14.00,0.0058,0.0000
2021-06-16,9,2021-06-16 09:49:59,14.00,3.00,1.00,14.00,4.00,15.00,0.0000,0.0000
2021-06-16,9,2021-06-16 09:49:59,7.25,2.75,2.25,7.25,17.00,8.00,0.0238,0.0000
2021-06-16,9,2021-06-16 09:49:59,24.00,3.00,1.00,20.00,64.00,19.00,0.0132,0.0000
2021-06-16,9,2021-06-16 09:49:59,53.50,32.50,15.50,53.50,12.00,59.00,0.0000,0.0000
2021-06-16,9,2021-06-16 09:49:59,0.00,0.00,0.00,0.00,0.00,0.00,0.0000,0.0000
2021-06-16,9,2021-06-16 09:49:59,17.50,3.00,9.00,17.50,20.00,26.00,0.0000,0.1702
2021-06-16,9,2021-06-16 09:49:59,21.20,2.80,1.00,21.40,40.00,21.00,0.0000,0.0000
2021-06-16,9,2021-06-16 09:54:59,24.00,3.00,6.00,24.00,31.00,32.00,0.0000,0.0000
2021-06-16,9,2021-06-16 09:54:59,22.17,3.00,2.18,22.00,39.00,25.00,0.0302,0.0000
2021-06-16,9,2021-06-16 09:54:59,20.82,15.36,1.00,21.00,4.00,24.00,0.0007,0.0000
2021-06-16,9,2021-06-16 09:54:59,4.13,5.13,2.63,4.13,3.00,15.00,0.0000,0.0000
2021-06-16,9,2021-06-16 09:54:59,0.00,0.00,0.00,0.00,0.00,0.00,0.0000,0.3529
2021-06-16,9,2021-06-16 09:54:59,25.25,3.50,0.50,24.75,5.00,25.00,0.0000,0.0000
2021-06-16,9,2021-06-16 09:54:59,31.00,3.00,4.00,31.00,40.00,31.00,0.0769,0.0000
2021-06-16,9,2021-06-16 09:54:59,4.13,7.25,1.50,4.25,3.00,14.00,0.0000,0.0000
2021-06-16,9,2021-06-16 09:59:59,19.50,13.00,10.50,20.67,26.00,31.00,0.0379,0.0000
2021-06-16,9,2021-06-16 09:59:59,4.00,3.50,42.00,4.00,11.00,12.00,0.0000,0.0000
2021-06-16,9,2021-06-16 09:59:59,0.00,0.00,0.00,0.00,5.00,18.00,0.0000,0.0000
2021-06-16,9,2021-06-16 09:59:59,16.00,3.00,26.00,16.00,8.00,16.00,0.0000,0.0000
2021-06-16,9,2021-06-16 09:59:59,15.00,5.00,2.00,12.00,2.00,11.00,0.0000,0.0000
2021-06-16,9,2021-06-16 09:59:59,29.00,22.00,111.00,30.00,16.00,29.00,0.0113,0.0000
2021-06-16,10,2021-06-16 10:04:59,15.00,4.00,1.00,16.00,12.00,16.00,0.0000,0.0000
2021-06-16,10,2021-06-16 10:04:59,19.63,3.00,6.29,19.75,46.00,20.00,0.0000,0.0000
2021-06-16,10,2021-06-16 10:04:59,19.00,17.00,1.00,18.00,121.00,18.00,0.0723,0.0000
2021-06-16,10,2021-06-16 10:04:59,21.07,12.50,12.43,19.93,10.00,19.00,0.0275,0.0000
2021-06-16,10,2021-06-16 10:04:59,56.71,6.71,3.14,56.57,25.00,61.00,0.0153,0.0000
2021-06-16,10,2021-06-16 10:04:59,3.00,24.50,2.00,3.00,26.00,7.00,0.0000,0.0000
2021-06-16,10,2021-06-16 10:04:59,0.00,0.00,0.00,0.00,0.00,0.00,0.0000,0.2593
2021-06-16,10,2021-06-16 10:04:59,20.55,5.55,2.75,20.60,19.00,20.00,0.0164,0.0000
2021-06-16,10,2021-06-16 10:04:59,46.00,93.00,1.00,36.00,95.00,35.00,0.2131,0.0000
2021-06-16,10,2021-06-16 10:09:59,15.00,6.00,3.00,15.00,20.00,23.00,0.0000,0.0000
2021-06-16,10,2021-06-16 10:09:59,45.00,5.00,4.00,24.00,24.00,27.00,0.0435,0.0000
2021-06-16,10,2021-06-16 10:09:59,35.00,4.00,4.00,35.00,60.00,35.00,0.0000,0.0000
2021-06-16,10,2021-06-16 10:09:59,9.00,3.00,16.00,10.00,73.00,10.00,0.0645,0.0000
2021-06-16,10,2021-06-16 10:09:59,0.00,0.00,0.00,0.00,0.00,0.00,0.0000,0.4211
2021-06-16,10,2021-06-16 10:09:59,4.00,4.50,8.50,3.50,9.00,4.00,0.0000,0.0000
2021-06-16,10,2021-06-16 10:09:59,27.00,5.00,12.00,26.00,7.00,38.00,0.0556,0.0000
2021-06-16,10,2021-06-16 10:09:59,18.20,7.80,1.60,16.00,7.00,21.00,0.0000,0.0000
2021-06-16,10,2021-06-16 10:09:59,20.13,5.13,1.63,19.19,24.00,21.00,0.0000,0.0000
2021-06-16,10,2021-06-16 10:14:59,0.00,0.00,0.00,0.00,18.00,25.00,0.0000,0.0000
2021-06-16,10,2021-06-16 10:14:59,40.00,3.00,6.00,40.00,3.00,40.00,0.0000,0.0000
2021-06-16,10,2021-06-16 10:14:59,13.50,3.75,3.25,14.00,18.00,15.00,0.0000,0.0000
2021-06-16,10,2021-06-16 10:14:59,27.50,5.00,6.00,27.00,57.00,31.00,0.2222,0.1765
2021-06-16,10,2021-06-16 10:19:59,23.00,10.00,10.00,18.00,77.00,29.00,0.1333,0.1489
2021-06-16,10,2021-06-16 10:19:59,24.00,3.00,2.00,25.00,21.00,24.00,0.0506,0.0000
2021-06-16,10,2021-06-16 10:19:59,11.00,212.00,113.00,12.00,75.00,12.00,0.2308,0.0000
2021-06-16,10,2021-06-16 10:19:59,22.25,6.50,3.75,22.25,26.00,22.00,0.0000,0.0000
2021-06-16,10,2021-06-16 10:19:59,18.60,356.00,146.40,18.60,277.00,20.00,0.1045,0.0000
2021-06-16,10,2021-06-16 10:19:59,21.83,340.17,252.83,22.17,442.00,22.00,0.0625,0.0169
2021-06-16,16,2021-06-16 16:49:59,20.00,3.00,35.67,20.67,5.00,20.00,0.0000,0.0000
2021-06-16,16,2021-06-16 16:49:59,30.00,13.60,10.60,29.40,15.00,28.00,0.0000,0.0000
2021-06-16,16,2021-06-16 16:49:59,24.50,0.50,336.50,24.00,1.00,24.00,0.0000,0.0000
2021-06-16,16,2021-06-16 16:49:59,4.38,21.46,8.38,4.31,35.00,4.00,0.0000,0.0000
2021-06-16,16,2021-06-16 16:49:59,25.22,12.00,99.89,25.11,15.00,28.00,0.0000,0.0000
2021-06-16,16,2021-06-16 16:49:59,4.40,2.90,6.70,4.20,6.00,13.00,0.0000,0.0000
2021-06-16,16,2021-06-16 16:49:59,10.00,4.00,2.00,9.00,13.00,9.00,0.0000,0.0000
2021-06-16,16,2021-06-16 16:49:59,9.00,10.11,37.44,9.22,28.00,10.00,0.0000,0.0000
2021-06-16,16,2021-06-16 16:49:59,28.00,4.00,0.00,28.00,45.00,28.00,0.0714,0.0000
2021-06-16,16,2021-06-16 16:49:59,20.00,87.00,5.00,20.00,3.00,20.00,0.0563,0.0000
2021-06-16,16,2021-06-16 16:49:59,34.00,64.17,1.60,37.60,0.00,37.00,0.0000,0.0000
2021-06-16,16,2021-06-16 16:49:59,18.00,4.67,3.33,17.33,27.00,20.00,0.0000,0.0000
2021-06-16,16,2021-06-16 16:49:59,22.50,7.00,90.00,22.00,7.00,24.00,0.0000,0.0000
2021-06-16,16,2021-06-16 16:49:59,20.00,4.29,2.79,20.00,10.00,20.00,0.0000,0.0000
2021-06-16,16,2021-06-16 16:54:59,16.00,3.13,25.25,16.00,9.00,21.00,0.0000,0.0000
2021-06-16,16,2021-06-16 16:54:59,5.00,2.50,1.50,4.50,2.00,18.00,0.0000,0.0000
2021-06-16,16,2021-06-16 16:54:59,15.00,2.00,1.00,15.00,4.00,18.00,0.0345,0.0000
2021-06-16,16,2021-06-16 16:54:59,4.00,8.00,1.00,4.00,62.00,4.00,0.0667,0.0000
2021-06-16,16,2021-06-16 16:54:59,31.50,52.00,1.50,32.00,24.00,33.00,0.0417,0.0000
2021-06-16,16,2021-06-16 16:54:59,0.00,0.00,0.00,0.00,0.00,0.00,0.0000,0.3419
2021-06-16,16,2021-06-16 16:54:59,14.00,115.00,6.00,14.00,62.00,14.00,0.0248,0.0000
2021-06-16,16,2021-06-16 16:54:59,31.92,4.33,6.67,31.92,29.00,32.00,0.0619,0.0000
2021-06-16,16,2021-06-16 16:54:59,141.50,9.00,13.00,27.00,5.00,27.00,0.0000,0.0000
2021-06-16,16,2021-06-16 16:54:59,6.00,4.00,3.00,8.00,14.00,8.00,0.0000,0.0000
2021-06-16,16,2021-06-16 16:54:59,4.00,2.67,6.00,4.25,51.00,15.00,0.0517,0.0000
2021-06-16,16,2021-06-16 16:54:59,42.33,7.00,2.33,42.33,40.00,42.00,0.0488,0.0000
2021-06-16,16,2021-06-16 16:54:59,19.81,85.81,4.94,19.81,4.00,20.00,0.0177,0.0000
2021-06-16,16,2021-06-16 16:59:59,0.00,0.00,0.00,0.00,0.00,0.00,0.0000,0.3137
2021-06-16,16,2021-06-16 16:59:59,6.73,11.73,21.93,6.45,93.00,8.00,0.1141,0.0012
2021-06-16,16,2021-06-16 16:59:59,40.17,4.00,1.67,40.00,16.00,46.00,0.0000,0.0000
2021-06-16,16,2021-06-16 16:59:59,6.57,44.40,99.05,6.62,38.00,10.00,0.0295,0.0000
2021-06-16,16,2021-06-16 16:59:59,16.42,11.00,10.50,16.08,45.00,20.00,0.0299,0.0330
2021-06-16,16,2021-06-16 16:59:59,10.25,9.50,9.75,10.50,7.00,10.00,0.0000,0.0000
2021-06-16,16,2021-06-16 16:59:59,9.00,6.00,0.00,9.00,6.00,9.00,0.0000,0.0000
2021-06-16,16,2021-06-16 16:59:59,19.60,26.11,2.11,19.80,26.00,30.00,0.0000,0.0000
2021-06-16,16,2021-06-16 16:59:59,13.00,97.00,1.00,14.00,32.00,13.00,0.0000,0.0000
2021-06-16,16,2021-06-16 16:59:59,28.00,8.00,0.00,28.00,7.00,28.00,0.0000,0.0000
2021-06-16,16,2021-06-16 16:59:59,10.83,3.67,3.17,11.17,15.00,10.00,0.0000,0.0000
2021-06-16,16,2021-06-16 16:59:59,20.75,7.40,9.60,20.50,15.00,22.00,0.0155,0.0000
2021-06-16,16,2021-06-16 16:59:59,13.00,359.00,0.00,26.50,8.00,16.00,0.1538,0.0000
2021-06-16,17,2021-06-16 17:04:59,18.86,4.57,3.86,19.14,18.00,27.00,0.0000,0.0110
2021-06-16,17,2021-06-16 17:04:59,0.00,0.00,0.00,74.25,48.00,0.00,0.0385,0.0000
2021-06-16,17,2021-06-16 17:04:59,55.00,7.00,2.00,55.00,18.00,55.00,0.0000,0.0000
2021-06-16,17,2021-06-16 17:04:59,17.00,3.00,3.25,17.75,3.00,12.00,0.0000,0.0000
2021-06-16,17,2021-06-16 17:04:59,21.00,2.50,3.00,21.00,66.00,21.00,0.0000,0.0000
2021-06-16,17,2021-06-16 17:04:59,28.00,4.00,9.00,30.33,5.00,27.00,0.0000,0.0000
2021-06-16,17,2021-06-16 17:04:59,0.00,0.00,0.00,1.00,0.00,0.00,0.0000,0.4032
2021-06-16,17,2021-06-16 17:04:59,25.00,3.50,4.75,25.50,5.00,25.00,0.0185,0.0000
2021-06-16,17,2021-06-16 17:04:59,29.00,3.00,5.00,29.00,3.00,29.00,0.0000,0.0000
2021-06-16,17,2021-06-16 17:09:59,23.00,24.00,0.00,23.00,40.00,22.00,0.0000,0.0000
2021-06-16,17,2021-06-16 17:09:59,28.00,4.00,8.00,34.50,24.00,36.00,0.0000,0.0000
2021-06-16,17,2021-06-16 17:09:59,7.00,4.00,3.00,8.00,4.00,8.00,0.0000,0.0000
2021-06-16,17,2021-06-16 17:09:59,14.60,49.20,7.75,17.00,17.00,16.00,0.0147,0.0000
2021-06-16,17,2021-06-16 17:09:59,26.15,19.40,0.23,26.09,17.00,26.00,0.0022,0.0056
2021-06-16,17,2021-06-16 17:09:59,10.00,4.33,2.89,10.11,7.00,10.00,0.0000,0.0047
2021-06-16,17,2021-06-16 17:09:59,9.00,3.00,0.50,10.00,10.00,9.00,0.0000,0.0000
2021-06-16,17,2021-06-16 17:14:59,16.00,66.75,0.25,16.00,74.00,19.00,0.1040,0.0000
2021-06-16,17,2021-06-16 17:14:59,17.00,49.33,0.00,17.00,19.00,17.00,0.0000,0.0000
2021-06-16,17,2021-06-16 17:14:59,8.00,9.80,0.80,8.00,8.00,8.00,0.0000,0.0000
2021-06-16,17,2021-06-16 17:14:59,18.00,21.00,0.00,18.00,6.00,21.00,0.0000,0.0000
2021-06-16,17,2021-06-16 17:14:59,8.00,11.00,0.00,8.00,17.00,8.00,0.0000,0.0000
2021-06-16,17,2021-06-16 17:19:59,7.00,5.00,0.00,8.00,3.00,7.00,0.0588,0.0000
2021-06-16,17,2021-06-16 17:19:59,15.22,3.78,1.11,14.89,4.00,17.00,0.0000,0.0000
2021-06-16,17,2021-06-16 17:19:59,45.08,3.17,0.33,45.00,4.00,47.00,0.0000,0.0000
2021-06-16,17,2021-06-16 17:19:59,42.38,3.54,0.37,42.34,4.00,44.00,0.0000,0.0000
2021-06-16,17,2021-06-16 17:19:59,0.00,0.00,0.00,90.00,6.00,42.00,0.0000,0.0000
2021-06-16,17,2021-06-16 17:19:59,12.55,4.26,5.32,12.74,4.00,12.00,0.0012,0.0000
2021-06-16,17,2021-06-16 17:19:59,8.00,3.00,3.00,8.00,3.00,8.00,0.0000,0.0000
2021-06-16,17,2021-06-16 17:19:59,24.00,5.00,0.00,24.00,3.00,24.00,0.0000,0.0000
2021-06-16,17,2021-06-16 17:19:59,9.25,5.25,35.50,11.25,14.00,11.00,0.0104,0.0000
2021-06-16,17,2021-06-16 17:19:59,7.00,4.00,1.00,7.50,3.00,6.00,0.0000,0.0000
2021-06-16,17,2021-06-16 17:19:59,15.00,6.00,33.00,9.00,22.00,9.00,0.0000,0.0000
2021-06-16,17,2021-06-16 17:19:59,15.50,4.00,0.50,15.00,5.00,15.00,0.0208,0.0000
2021-06-16,17,2021-06-16 17:24:59,3.00,4.00,0.00,4.00,10.00,4.00,0.0000,0.0000
2021-06-16,17,2021-06-16 17:24:59,8.80,8.25,1.00,10.40,16.00,7.00,0.0011,0.0005
2021-06-16,17,2021-06-16 17:24:59,10.04,3.39,1.82,9.79,5.00,9.00,0.0000,0.0000
2021-06-16,17,2021-06-16 17:24:59,29.00,6.00,14.00,29.00,4.00,29.00,0.0000,0.0000
2021-06-16,17,2021-06-16 17:24:59,8.33,3.33,1.78,8.33,6.00,8.00,0.0050,0.0000
2021-06-16,17,2021-06-16 17:24:59,20.68,3.86,5.22,20.44,8.00,20.00,0.0007,0.0000
2021-06-16,17,2021-06-16 17:24:59,8.50,5.75,73.50,8.25,4.00,9.00,0.0000,0.0000
2021-06-16,17,2021-06-16 17:24:59,11.38,5.13,14.40,14.69,19.00,13.00,0.0110,0.0027
2021-06-16,17,2021-06-16 17:24:59,0.00,0.00,0.00,3.00,8.00,29.00,0.0000,0.0000
2021-06-16,17,2021-06-16 17:24:59,9.67,5.67,0.00,10.00,5.00,10.00,0.1810,0.0517
2021-06-16,17,2021-06-16 17:24:59,12.13,3.00,1.25,12.00,7.00,15.00,0.0120,0.0000
2021-06-16,17,2021-06-16 17:24:59,12.51,8.41,24.78,13.56,20.00,15.00,0.0103,0.0000
2021-06-16,17,2021-06-16 17:24:59,31.17,5.33,2.67,31.00,36.00,31.00,0.0656,0.0000
2021-06-16,17,2021-06-16 17:24:59,9.00,22.38,4.13,8.94,18.00,11.00,0.0032,0.0000
2021-06-16,17,2021-06-16 17:24:59,2.00,3.00,2.00,2.00,9.00,2.00,0.0000,0.0000
2021-06-16,17,2021-06-16 17:24:59,0.00,0.00,0.00,0.00,0.00,0.00,0.0000,0.4211
2021-06-16,17,2021-06-16 17:24:59,4.00,5.00,0.00,4.00,6.00,5.00,0.0000,0.0000
2021-06-16,17,2021-06-16 17:24:59,15.00,2.00,3.00,14.00,3.00,14.00,0.0000,0.0000
2021-06-16,17,2021-06-16 17:24:59,18.00,11.00,0.50,17.50,11.00,17.00,0.0000,0.0000
2021-06-16,17,2021-06-16 17:24:59,9.80,5.00,0.00,10.00,4.00,10.00,0.0000,0.0000
2021-06-16,17,2021-06-16 17:24:59,15.00,4.00,326.00,15.00,8.00,15.00,0.0000,0.0000
2021-06-16,17,2021-06-16 17:29:59,8.95,5.21,1.05,8.74,21.00,19.00,0.0039,0.0000
2021-06-16,17,2021-06-16 17:29:59,9.00,3.50,1.00,8.50,3.00,8.00,0.0000,0.0000
2021-06-16,17,2021-06-16 17:29:59,13.00,3.00,0.00,14.00,3.00,14.00,0.0000,0.0000
2021-06-16,17,2021-06-16 17:29:59,3.50,3.50,1.00,3.25,5.00,16.00,0.0000,0.0000
2021-06-16,17,2021-06-16 17:29:59,16.00,3.67,0.67,12.60,11.00,18.00,0.0036,0.0000
2021-06-16,17,2021-06-16 17:29:59,16.54,3.38,3.85,16.29,6.00,20.00,0.0000,0.0000
2021-06-16,17,2021-06-16 17:29:59,8.50,4.00,0.50,9.00,4.00,7.00,0.0000,0.0000
2021-06-16,17,2021-06-16 17:29:59,12.25,4.25,0.00,12.50,8.00,15.00,0.0000,0.0000
2021-06-16,17,2021-06-16 17:29:59,2.75,3.25,2.00,3.00,11.00,3.00,0.0001,0.0000
2021-06-16,17,2021-06-16 17:29:59,0.00,0.00,0.00,17.00,18.00,0.00,0.0000,0.3077
2021-06-16,17,2021-06-16 17:29:59,6.17,3.36,1.45,6.17,22.00,8.00,0.0001,0.0000
2021-06-16,17,2021-06-16 17:29:59,16.33,3.50,3.33,16.00,5.00,16.00,0.0000,0.0000
2021-06-16,17,2021-06-16 17:29:59,23.00,15.00,0.00,24.00,9.00,24.00,0.0000,0.0000
2021-06-16,17,2021-06-16 17:29:59,10.00,3.60,1.00,9.80,7.00,10.00,0.0000,0.0000
2021-06-16,17,2021-06-16 17:34:59,10.25,5.00,0.00,10.00,4.00,11.00,0.0000,0.0000
2021-06-16,17,2021-06-16 17:34:59,0.00,0.00,0.00,0.00,0.00,0.00,0.0000,0.0000
2021-06-16,17,2021-06-16 17:34:59,3.00,4.00,0.00,2.00,31.00,2.00,0.0004,0.0000
2021-06-16,17,2021-06-16 17:34:59,24.00,11.00,0.00,24.00,6.00,24.00,0.3365,0.0000
2021-06-16,17,2021-06-16 17:34:59,17.33,3.00,40.50,19.00,13.00,15.00,0.0000,0.0690
2021-06-16,17,2021-06-16 17:34:59,32.00,3.00,11.00,32.00,11.00,31.00,0.0000,0.2909
2021-06-16,17,2021-06-16 17:34:59,21.62,6.46,0.00,21.54,11.00,25.00,0.0000,0.0000
2021-06-16,17,2021-06-16 17:34:59,17.67,3.33,2.00,17.00,4.00,20.00,0.0000,0.0000
2021-06-16,17,2021-06-16 17:34:59,7.00,12.50,0.50,7.00,6.00,15.00,0.0010,0.0154
2021-06-16,17,2021-06-16 17:34:59,8.40,4.67,12.13,10.00,14.00,8.00,0.0009,0.0000
2021-06-16,17,2021-06-16 17:34:59,27.00,3.00,45.67,27.00,4.00,32.00,0.0000,0.0000
2021-06-16,17,2021-06-16 17:34:59,12.00,15.20,50.80,13.00,18.00,14.00,0.0000,0.0000
2021-06-16,17,2021-06-16 17:34:59,11.67,3.33,0.67,11.33,5.00,14.00,0.0000,0.0000
2021-06-16,17,2021-06-16 17:34:59,16.50,5.50,0.50,16.75,5.00,17.00,0.0000,0.0000
2021-06-16,17,2021-06-16 17:34:59,74.33,12.33,0.33,74.33,8.00,100.00,0.0000,0.0000
2021-06-16,17,2021-06-16 17:34:59,14.50,4.50,0.50,14.50,3.00,15.00,0.0000,0.0000
2021-06-16,17,2021-06-16 17:34:59,12.00,4.00,3.50,12.00,4.00,13.00,0.0000,0.0000
2021-06-16,17,2021-06-16 17:34:59,0.00,0.00,0.00,0.00,7.00,24.00,0.0000,0.0000
2021-06-16,17,2021-06-16 17:34:59,8.00,4.00,0.00,8.00,7.00,11.00,0.0000,0.0000
2021-06-16,17,2021-06-16 17:34:59,0.00,0.00,0.00,15910.00,0.00,0.00,0.0000,0.0000
2021-06-16,17,2021-06-16 17:34:59,55.00,5.00,0.00,54.00,4.00,54.00,0.0000,0.0000
2021-06-16,17,2021-06-16 17:39:59,34.00,82.50,6.00,26.33,14.00,34.00,0.0333,0.2388
2021-06-16,17,2021-06-16 17:39:59,20.00,3.50,7.00,20.00,69.00,21.00,0.0000,0.0000
2021-06-16,17,2021-06-16 17:39:59,0.00,0.00,0.00,0.00,0.00,0.00,0.0000,0.4118
2021-06-16,17,2021-06-16 17:39:59,3.00,4.00,4.00,3.00,40.00,9.00,0.0000,0.0000
2021-06-16,17,2021-06-16 17:39:59,30.20,61.00,3.20,29.00,19.00,30.00,0.0000,0.0000
2021-06-16,17,2021-06-16 17:44:59,0.00,0.00,0.00,0.00,0.00,0.00,0.0000,0.4259
2021-06-16,17,2021-06-16 17:44:59,19.40,3.40,2.00,19.20,3.00,20.00,0.0000,0.0000
2021-06-16,17,2021-06-16 17:49:59,19.00,6.75,2.38,19.00,14.00,19.00,0.0000,0.0000
2021-06-16,17,2021-06-16 17:49:59,25.67,3.33,10.67,33.25,22.00,33.00,0.0345,0.1481
2021-06-16,17,2021-06-16 17:49:59,37.50,3.45,270.41,37.14,4.00,19.00,0.0000,0.0000
2021-06-16,17,2021-06-16 17:54:59,46.15,3.38,1.46,46.15,3.00,46.00,0.0000,0.0000
2021-06-16,17,2021-06-16 17:54:59,16.25,3.50,10.00,15.75,8.00,26.00,0.0000,0.0000
2021-06-16,17,2021-06-16 17:54:59,30.32,4.00,4.41,33.43,52.00,29.00,0.0000,0.0000
2021-06-16,17,2021-06-16 17:54:59,4.43,3.86,0.71,4.14,0.00,4.00,0.0000,0.0000
2021-06-16,17,2021-06-16 17:54:59,0.00,0.00,0.00,0.00,0.00,0.00,0.0000,0.4211
2021-06-16,17,2021-06-16 17:54:59,38.50,4.00,0.00,38.50,0.00,38.00,0.0000,0.0000
2021-06-16,17,2021-06-16 17:54:59,26.25,3.25,13.75,26.25,3.00,28.00,0.0000,0.0000
2021-06-16,17,2021-06-16 17:59:59,3.00,3.00,10.00,3.00,9.00,16.00,0.0000,0.0000
2021-06-16,17,2021-06-16 17:59:59,29.00,3.00,9.00,21.50,4.00,33.00,0.0000,0.0000
2021-06-16,17,2021-06-16 17:59:59,11.38,3.63,4.25,11.38,5.00,13.00,0.0000,0.0000
2021-06-16,18,2021-06-16 18:04:59,23.00,4.00,2.00,23.50,5.00,23.00,0.0000,0.0000
2021-06-16,18,2021-06-16 18:04:59,25.00,12.00,4.00,25.00,3.00,25.00,0.0000,0.0000
2021-06-16,18,2021-06-16 18:04:59,18.25,3.50,1.75,18.25,3.00,19.00,0.0000,0.0000
2021-06-16,18,2021-06-16 18:04:59,0.00,0.00,0.00,0.00,0.00,0.00,0.0000,0.4211
2021-06-16,18,2021-06-16 18:04:59,4.00,3.00,7.00,4.00,11.00,4.00,0.0000,0.0000
2021-06-16,18,2021-06-16 18:04:59,20.80,3.20,2.20,21.00,26.00,21.00,0.0000,0.0000
2021-06-16,18,2021-06-16 18:04:59,47.00,5.00,0.00,47.00,4.00,48.00,0.0000,0.0000
2021-06-16,18,2021-06-16 18:09:59,0.00,0.00,0.00,15.00,199.00,31.00,0.0500,0.0000
2021-06-16,18,2021-06-16 18:09:59,4.50,3.00,2.00,4.50,0.00,4.00,0.0000,0.0000
2021-06-16,18,2021-06-16 18:09:59,26.00,5.00,5.00,24.00,3.00,26.00,0.0000,0.0000
2021-06-16,18,2021-06-16 18:09:59,0.00,0.00,0.00,0.00,0.00,0.00,0.0000,0.4211
2021-06-16,18,2021-06-16 18:09:59,28.00,4.50,3.50,28.50,4.00,29.00,0.0000,0.0000
2021-06-16,18,2021-06-16 18:09:59,15.33,3.33,3.00,14.00,3.00,13.00,0.0000,0.0000
2021-06-16,18,2021-06-16 18:14:59,30.50,53.50,3.50,30.00,94.00,31.00,0.0500,0.0000
2021-06-16,18,2021-06-16 18:14:59,8.50,20.00,65.00,8.67,35.00,12.00,0.0149,0.0000
2021-06-16,18,2021-06-16 18:14:59,13.00,4.00,8.00,12.00,32.00,12.00,0.0000,0.0000
2021-06-16,18,2021-06-16 18:14:59,15.00,3.67,5.00,15.00,29.00,16.00,0.0238,0.0000
2021-06-16,18,2021-06-16 18:14:59,0.00,0.00,0.00,0.00,0.00,0.00,0.0000,0.4082
2021-06-16,18,2021-06-16 18:14:59,11.50,4.80,3.40,12.17,34.00,12.00,0.0645,0.0000
2021-06-16,18,2021-06-16 18:14:59,13.67,4.67,9.33,13.00,13.00,16.00,0.0345,0.0000
2021-06-16,18,2021-06-16 18:14:59,13.00,2.00,15.00,13.00,78.00,13.00,0.1333,0.0000
2021-06-16,18,2021-06-16 18:14:59,28.00,2.50,8.00,28.00,20.00,25.00,0.0323,0.0000
2021-06-16,18,2021-06-16 18:14:59,15.14,13.86,15.57,15.14,14.00,22.00,0.0380,0.0000
2021-06-16,18,2021-06-16 18:19:59,25.00,3.00,0.00,24.50,5.00,24.00,0.0000,0.0000
2021-06-16,18,2021-06-16 18:19:59,36.00,3.50,153.50,42.25,10.00,30.00,0.0000,0.0000
2021-06-16,18,2021-06-16 18:19:59,0.00,0.00,0.00,0.00,12.00,41.00,0.0000,0.0000
2021-06-16,18,2021-06-16 18:19:59,64.33,3.61,1.65,147.08,19.00,21.00,0.0000,0.0080
2021-06-16,18,2021-06-16 18:19:59,0.00,0.00,0.00,0.00,0.00,0.00,0.0000,0.2667
2021-06-16,18,2021-06-16 18:24:59,4.00,3.00,0.67,4.00,0.00,4.00,0.0000,0.0000
2021-06-16,18,2021-06-16 18:24:59,274.50,3.50,4.33,21.75,12.00,102.00,0.0000,0.0490
2021-06-16,18,2021-06-16 18:24:59,24.00,4.00,14.00,32.00,24.00,22.00,0.0000,0.0000
2021-06-16,18,2021-06-16 18:24:59,24.00,4.00,0.00,24.00,4.00,24.00,0.0000,0.0000
2021-06-16,18,2021-06-16 18:24:59,28.00,3.50,0.50,25.50,0.00,25.00,0.0000,0.0000
2021-06-16,18,2021-06-16 18:29:59,14.00,2.00,71.67,14.00,4.00,23.00,0.0000,0.0000
2021-06-16,18,2021-06-16 18:29:59,12.83,3.17,1.50,13.00,4.00,15.00,0.0000,0.0000
2021-06-16,18,2021-06-16 18:29:59,4.00,4.00,20.00,4.00,9.00,4.00,0.0000,0.0000
2021-06-16,18,2021-06-16 18:29:59,18.00,3.00,17.00,20.00,35.00,19.00,0.0543,0.0000
2021-06-16,18,2021-06-16 18:29:59,13.00,3.00,25.80,14.40,5.00,13.00,0.0000,0.0000
2021-06-16,18,2021-06-16 18:29:59,16.00,6.00,1.00,16.00,3.00,16.00,0.0000,0.0000
2021-06-16,18,2021-06-16 18:29:59,9.50,4.00,4.50,9.75,6.00,13.00,0.0000,0.0000
2021-06-16,18,2021-06-16 18:29:59,19.00,16.00,3.00,12.00,8.00,19.00,0.0000,0.0000
2021-06-16,18,2021-06-16 18:29:59,17.14,3.14,14.21,16.79,15.00,24.00,0.0070,0.0000
2021-06-16,18,2021-06-16 18:29:59,3.50,3.50,7.50,3.50,42.00,4.00,0.0571,0.0000
2021-06-16,18,2021-06-16 18:29:59,7.50,3.00,15.00,11.50,2.00,11.00,0.0000,0.0000
2021-06-16,18,2021-06-16 18:29:59,26.40,2.40,42.60,26.60,12.00,29.00,0.0137,0.0000
2021-06-16,18,2021-06-16 18:29:59,14.67,3.00,2.33,16.67,21.00,16.00,0.0000,0.0000
2021-06-16,18,2021-06-16 18:29:59,27.75,3.50,28.00,24.33,13.00,28.00,0.0179,0.0125
2021-06-16,18,2021-06-16 18:29:59,12.00,2.67,2.00,12.00,16.00,15.00,0.0000,0.0000
2021-06-16,18,2021-06-16 18:29:59,27.58,3.27,4.82,26.67,5.00,8.00,0.0000,0.0000
2021-06-16,18,2021-06-16 18:29:59,3.00,0.00,0.00,3.00,120.00,3.00,0.0000,0.0000
2021-06-16,18,2021-06-16 18:29:59,64.17,4.92,1.25,22.38,8.00,22.00,0.0000,0.0132
2021-06-16,18,2021-06-16 18:29:59,9.69,3.81,1.56,9.50,4.00,18.00,0.0167,0.0000
2021-06-16,18,2021-06-16 18:29:59,20.00,5.00,1.00,20.00,34.00,19.00,0.0435,0.0000
2021-06-16,18,2021-06-16 18:34:59,15.00,3.00,2.00,17.00,2.00,16.00,0.0000,0.0000
2021-06-16,18,2021-06-16 18:34:59,29.06,3.25,2.47,29.80,3.00,29.00,0.0000,0.0000
2021-06-16,18,2021-06-16 18:34:59,4.00,4.00,5.00,3.00,27.00,3.00,0.0000,0.0000
2021-06-16,18,2021-06-16 18:34:59,0.00,0.00,0.00,0.00,0.00,0.00,0.0000,0.4189
2021-06-16,18,2021-06-16 18:34:59,28.50,3.00,17.00,20.33,14.00,31.00,0.0000,0.0000
2021-06-16,18,2021-06-16 18:34:59,12.80,4.00,2.80,13.00,8.00,26.00,0.0000,0.0000
2021-06-16,18,2021-06-16 18:34:59,20.25,7.13,3.50,20.13,5.00,22.00,0.0000,0.0000
2021-06-16,18,2021-06-16 18:34:59,9.00,3.00,4.00,15.00,16.00,15.00,0.0000,0.0000
2021-06-16,18,2021-06-16 18:39:59,48.00,2.00,2.00,47.00,0.00,47.00,0.0000,0.0000
2021-06-16,18,2021-06-16 18:39:59,0.00,0.00,0.00,0.00,0.00,0.00,0.0000,0.4167
2021-06-16,18,2021-06-16 18:39:59,20.00,3.40,8.60,19.80,8.00,20.00,0.0200,0.0000
2021-06-16,18,2021-06-16 18:39:59,3.00,3.00,4.00,3.00,6.00,7.00,0.0000,0.0000
2021-06-16,18,2021-06-16 18:39:59,0.00,0.00,0.00,69746.00,0.00,0.00,0.0833,0.0000
2021-06-16,18,2021-06-16 18:39:59,24.00,5.00,33.25,24.25,3.00,24.00,0.0000,0.0000
2021-06-16,18,2021-06-16 18:39:59,60.00,22.00,2.00,59.33,25.00,63.00,0.0000,0.0196
2021-06-16,18,2021-06-16 18:39:59,12.00,10.00,49.00,12.00,3.00,12.00,0.0000,0.0000
2021-06-16,18,2021-06-16 18:44:59,28.00,4.00,10.00,42.00,76.00,33.00,0.0000,0.0000
2021-06-16,18,2021-06-16 18:49:59,27.00,7.00,6.00,27.00,3.00,27.00,0.0000,0.0000
2021-06-16,18,2021-06-16 18:54:59,10.00,3.00,4.00,17.00,26.00,17.00,0.0000,0.0000
2021-06-16,18,2021-06-16 18:54:59,0.00,0.00,0.00,14.00,4.00,14.00,0.0000,0.0000
2021-06-16,18,2021-06-16 18:54:59,21.00,5.14,2.71,21.29,6.00,21.00,0.0000,0.0000
2021-06-16,18,2021-06-16 18:54:59,23.00,5.00,2.00,23.00,18.00,30.00,0.0000,0.0000
2021-06-16,18,2021-06-16 18:54:59,22.20,2.80,11.80,22.20,16.00,22.00,0.0000,0.0000
2021-06-16,18,2021-06-16 18:54:59,35.75,3.50,59.75,32.60,16.00,44.00,0.0000,0.0000
2021-06-16,18,2021-06-16 18:54:59,16.00,3.00,5.00,16.00,13.00,19.00,0.0000,0.0000
2021-06-16,18,2021-06-16 18:54:59,18.50,3.50,1.00,17.00,3.00,19.00,0.0000,0.0000
2021-06-16,18,2021-06-16 18:59:59,16.00,3.00,2.00,17.00,12.00,17.00,0.0000,0.0000
2021-06-16,18,2021-06-16 18:59:59,15.50,3.00,3.00,15.50,6.00,15.00,0.0000,0.0000
2021-06-16,18,2021-06-16 18:59:59,26.00,4.50,27.50,25.00,10.00,32.00,0.0000,0.0000
2021-06-16,19,2021-06-16 19:04:59,18.83,4.67,3.83,18.83,8.00,23.00,0.0000,0.0000
2021-06-16,19,2021-06-16 19:04:59,28.00,4.00,6.00,21.00,26.00,42.00,0.0000,0.2424
2021-06-16,19,2021-06-16 19:04:59,20.00,3.00,2.00,17.50,82.00,34.00,0.1000,0.0000
2021-06-16,19,2021-06-16 19:09:59,13.67,3.00,5.00,12.83,16.00,15.00,0.0000,0.0000
2021-06-16,19,2021-06-16 19:09:59,29.00,2.00,0.00,29.00,2.00,29.00,0.0000,0.0000
2021-06-16,19,2021-06-16 19:09:59,40.50,12.25,23.50,33.17,14.00,34.00,0.0000,0.0000
2021-06-16,19,2021-06-16 19:09:59,14.00,2.75,1.75,14.75,54.00,13.00,0.0000,0.0000
2021-06-16,19,2021-06-16 19:09:59,25.00,0.50,320.50,24.50,1.00,24.00,0.0000,0.0000
2021-06-16,19,2021-06-16 19:09:59,26.00,4.00,1.00,26.00,7.00,26.00,0.0000,0.0000
2021-06-16,19,2021-06-16 19:09:59,9.13,3.25,0.63,8.94,17.00,9.00,0.0000,0.0000
2021-06-16,19,2021-06-16 19:09:59,20.67,3.67,14.67,20.00,5.00,20.00,0.0000,0.0000
2021-06-16,19,2021-06-16 19:09:59,4.00,4.00,1.00,4.00,4.00,3.00,0.0000,0.0000
2021-06-16,19,2021-06-16 19:09:59,4.00,63.00,4.00,4.00,8.00,12.00,0.0000,0.0000
2021-06-16,19,2021-06-16 19:09:59,30.00,4.00,4.50,30.00,51.00,32.00,0.1071,0.0000
2021-06-16,19,2021-06-16 19:09:59,11.75,3.75,7.50,11.75,30.00,15.00,0.0263,0.0000
2021-06-16,19,2021-06-16 19:09:59,15.00,3.00,2.00,17.00,32.00,16.00,0.0156,0.0000
2021-06-16,19,2021-06-16 19:09:59,20.00,6.00,0.00,20.00,3.00,27.00,0.0000,0.0000
2021-06-16,19,2021-06-16 19:09:59,4.00,7.00,20.00,5.00,8.00,5.00,0.0000,0.0000
2021-06-16,19,2021-06-16 19:09:59,23.42,11.92,7.50,23.25,7.00,23.00,0.0000,0.0000
2021-06-16,19,2021-06-16 19:14:59,27.00,3.00,19.00,26.00,11.00,37.00,0.0000,0.0000
2021-06-16,19,2021-06-16 19:14:59,32.33,8.33,3.67,31.33,37.00,25.00,0.0000,0.0000
2021-06-16,19,2021-06-16 19:14:59,14.71,5.58,1.11,14.74,39.00,15.00,0.0065,0.0000
2021-06-16,19,2021-06-16 19:14:59,28.00,9.00,2.00,28.00,2.00,28.00,0.0000,0.0000
2021-06-16,19,2021-06-16 19:14:59,12.00,2.50,3.50,12.00,12.00,15.00,0.0000,0.0000
2021-06-16,19,2021-06-16 19:14:59,4.50,2.50,10.00,4.00,11.00,13.00,0.0000,0.0000
2021-06-16,19,2021-06-16 19:14:59,34.44,3.95,1.11,22.66,6.00,22.00,0.0000,0.0084
2021-06-16,19,2021-06-16 19:14:59,0.00,0.00,0.00,0.00,0.00,0.00,0.0000,0.4211
2021-06-16,19,2021-06-16 19:14:59,18.25,4.19,8.81,18.13,16.00,18.00,0.0111,0.0161
2021-06-16,19,2021-06-16 19:14:59,25.57,3.67,4.17,25.43,8.00,29.00,0.0139,0.0000
2021-06-16,19,2021-06-16 19:14:59,5.84,10.34,11.42,5.92,30.00,7.00,0.0028,0.0064
2021-06-16,19,2021-06-16 19:14:59,3.25,8.13,33.38,9.24,8.00,13.00,0.0047,0.0000
2021-06-16,19,2021-06-16 19:14:59,30.00,3.00,13.00,35.00,16.00,27.00,0.0000,0.0000
2021-06-16,19,2021-06-16 19:14:59,7.00,3.00,2.00,8.00,7.00,7.00,0.0333,0.0000
2021-06-16,19,2021-06-16 19:19:59,0.00,0.00,0.00,0.00,0.00,0.00,0.0000,0.4235
2021-06-16,19,2021-06-16 19:19:59,6.00,4.00,1.00,9.00,17.00,8.00,0.0000,0.0000
2021-06-16,19,2021-06-16 19:19:59,0.00,0.00,0.00,99.00,69.00,35.00,0.0000,0.0000
2021-06-16,19,2021-06-16 19:24:59,11.00,3.00,11.00,15.50,8.00,29.00,0.0000,0.0000
2021-06-16,19,2021-06-16 19:24:59,21.57,3.86,0.79,21.71,8.00,22.00,0.0000,0.0000
2021-06-16,19,2021-06-16 19:29:59,22.50,3.50,10.50,22.50,16.00,20.00,0.0000,0.0000
2021-06-16,19,2021-06-16 19:29:59,12.50,3.00,1.00,17.00,3.00,16.00,0.0175,0.0000
2021-06-16,19,2021-06-16 19:34:59,51.00,245.00,8.00,52.00,508.00,51.00,0.1250,0.0000
2021-06-16,19,2021-06-16 19:34:59,3.00,7.00,4.00,4.00,70.00,16.00,0.0000,0.0000
2021-06-16,19,2021-06-16 19:34:59,15.50,4.00,2.00,21.00,31.00,20.00,0.0068,0.0000
2021-06-16,19,2021-06-16 19:34:59,26.00,3.00,1.00,26.00,56.00,40.00,0.0833,0.0000
2021-06-16,19,2021-06-16 19:34:59,26.50,69.00,8.00,26.50,48.00,27.00,0.0000,0.0000
2021-06-16,19,2021-06-16 19:34:59,4.00,3.50,5.00,4.50,7.00,12.00,0.0000,0.0000
2021-06-16,19,2021-06-16 19:34:59,0.00,0.00,0.00,0.00,9.00,31.00,0.0938,0.0286
2021-06-16,19,2021-06-16 19:34:59,6.50,60.50,7.50,11.33,15.00,19.00,0.0000,0.0000
2021-06-16,19,2021-06-16 19:34:59,10.00,3.00,102.00,11.00,59.00,18.00,0.0667,0.0000
2021-06-16,19,2021-06-16 19:34:59,23.23,23.00,2.62,23.00,63.00,23.00,0.0157,0.0000
2021-06-16,19,2021-06-16 19:34:59,9.00,4.00,3.00,9.00,5.00,9.00,0.0000,0.0000
2021-06-16,19,2021-06-16 19:34:59,12.20,2.80,3.20,12.60,8.00,18.00,0.0000,0.0000
2021-06-16,19,2021-06-16 19:39:59,6.00,2389.00,75.00,4.00,0.00,4.00,0.2667,0.0000
2021-06-16,19,2021-06-16 19:39:59,36.00,17.00,27.25,36.25,32.00,31.00,0.2203,0.0476
2021-06-16,19,2021-06-16 19:39:59,13.00,14.00,36.29,13.43,14.00,13.00,0.0252,0.0000
2021-06-16,19,2021-06-16 19:59:59,58.50,3.50,1.50,58.00,6.00,58.00,0.0000,0.0000
2021-06-16,20,2021-06-16 20:14:59,5.00,407.14,6.29,4.71,98.00,724.00,0.1151,0.0015
2021-06-16,20,2021-06-16 20:14:59,23.00,8.00,4.00,23.00,3.00,23.00,0.0000,0.0000
2021-06-16,20,2021-06-16 20:14:59,11.50,6.50,1.00,11.50,6.00,13.00,0.0000,0.0000
2021-06-16,20,2021-06-16 20:14:59,59.50,35.50,1.00,61.00,16.00,65.00,0.0000,0.0000
2021-06-16,20,2021-06-16 20:19:59,21.64,4.64,7.57,26.21,45.00,27.00,0.0763,0.0171
2021-06-16,20,2021-06-16 20:44:59,8.00,6.00,4.00,8.00,76.00,8.00,0.4048,0.0000
2021-06-16,20,2021-06-16 20:54:59,70.00,42.00,2.50,70.00,7.00,76.00,0.2759,0.0000
2021-06-16,20,2021-06-16 20:59:59,0.00,0.00,0.00,0.00,0.00,0.00,0.0000,0.4286
2021-06-16,21,2021-06-16 21:19:59,350.33,3.67,1.33,378.67,5.00,12.00,0.0000,0.0000
2021-06-16,21,2021-06-16 21:59:59,66.00,5.00,3.00,66.00,4.00,70.00,0.2000,0.0000
2021-06-16,22,2021-06-16 22:39:59,24.00,4.00,3.00,24.00,8.00,23.00,0.0213,0.0250
2021-06-16,23,2021-06-16 23:29:59,60.00,7.33,3.33,59.33,16.00,63.00,0.0000,0.0000
2021-06-16,23,2021-06-16 23:34:59,17.00,5.00,3.00,17.00,17.00,17.00,0.0149,0.0000
